time,v(i1),v(X0.Q),v(X0.x)
0.0000000e+00,0.0000000e+00,0.0000000e+00,1.0000000e-12
1.0000000e-10,4.7123890e-05,4.7123890e-17,1.0000000e-12
2.0000000e-10,9.4247780e-05,9.4247780e-17,1.0000000e-12
4.0000000e-10,1.8849556e-04,1.8849556e-16,1.0000000e-12
8.0000000e-10,3.7699111e-04,3.7699111e-16,1.0000000e-12
1.6000000e-09,7.5398221e-04,7.5398221e-16,1.0000000e-12
3.2000000e-09,1.5079642e-03,1.5079642e-15,1.0000000e-12
6.4000000e-09,3.0159269e-03,3.0159269e-15,1.0000000e-12
1.2800000e-08,6.0318416e-03,6.0318416e-15,1.0000000e-12
2.2800000e-08,1.0744155e-02,1.0744155e-14,1.0000000e-12
3.2800000e-08,1.5456362e-02,1.5456362e-14,1.0000000e-12
4.2800000e-08,2.0168417e-02,2.0168417e-14,1.0000000e-12
5.2800000e-08,2.4880273e-02,2.4880273e-14,1.0000000e-12
6.2800000e-08,2.9591883e-02,2.9591883e-14,1.0000000e-12
7.2800000e-08,3.4303201e-02,3.4303201e-14,1.0000000e-12
8.2800000e-08,3.9014181e-02,3.9014181e-14,1.0000000e-12
9.2800000e-08,4.3724775e-02,4.3724775e-14,1.0000000e-12
1.0280000e-07,4.8434938e-02,4.8434938e-14,1.0000000e-12
1.1280000e-07,5.3144623e-02,5.3144623e-14,1.0000000e-12
1.2280000e-07,5.7853783e-02,5.7853783e-14,1.0000000e-12
1.3280000e-07,6.2562373e-02,6.2562373e-14,1.0000000e-12
1.4280000e-07,6.7270345e-02,6.7270345e-14,1.0000000e-12
1.5280000e-07,7.1977653e-02,7.1977653e-14,1.0000000e-12
1.6280000e-07,7.6684250e-02,7.6684250e-14,1.0000000e-12
1.7280000e-07,8.1390091e-02,8.1390091e-14,1.0000000e-12
1.8280000e-07,8.6095129e-02,8.6095129e-14,1.0000000e-12
1.9280000e-07,9.0799316e-02,9.0799316e-14,1.0000000e-12
2.0280000e-07,9.5502608e-02,9.5502608e-14,1.0000000e-12
2.1280000e-07,1.0020496e-01,1.0020496e-13,1.0000000e-12
2.2280000e-07,1.0490632e-01,1.0490632e-13,1.0000000e-12
2.3280000e-07,1.0960664e-01,1.0960664e-13,1.0000000e-12
2.4280000e-07,1.1430588e-01,1.1430588e-13,1.0000000e-12
2.5280000e-07,1.1900400e-01,1.1900400e-13,1.0000000e-12
2.6280000e-07,1.2370094e-01,1.2370094e-13,1.0000000e-12
2.7280000e-07,1.2839666e-01,1.2839666e-13,1.0000000e-12
2.8280000e-07,1.3309111e-01,1.3309111e-13,1.0000000e-12
2.9280000e-07,1.3778425e-01,1.3778425e-13,1.0000000e-12
3.0280000e-07,1.4247603e-01,1.4247603e-13,1.0000000e-12
3.1280000e-07,1.4716640e-01,1.4716640e-13,1.0000000e-12
3.2280000e-07,1.5185532e-01,1.5185532e-13,1.0000000e-12
3.3280000e-07,1.5654274e-01,1.5654274e-13,1.0000000e-12
3.4280000e-07,1.6122862e-01,1.6122862e-13,1.0000000e-12
3.5280000e-07,1.6591290e-01,1.6591290e-13,1.0000000e-12
3.6280000e-07,1.7059555e-01,1.7059555e-13,1.0000000e-12
3.7280000e-07,1.7527651e-01,1.7527651e-13,1.0000000e-12
3.8280000e-07,1.7995575e-01,1.7995575e-13,1.0000000e-12
3.9280000e-07,1.8463321e-01,1.8463321e-13,1.0000000e-12
4.0280000e-07,1.8930884e-01,1.8930884e-13,1.0000000e-12
4.1280000e-07,1.9398261e-01,1.9398261e-13,1.0000000e-12
4.2280000e-07,1.9865446e-01,1.9865446e-13,1.0000000e-12
4.3280000e-07,2.0332435e-01,2.0332435e-13,1.0000000e-12
4.4280000e-07,2.0799224e-01,2.0799224e-13,1.0000000e-12
4.5280000e-07,2.1265807e-01,2.1265807e-13,1.0000000e-12
4.6280000e-07,2.1732181e-01,2.1732181e-13,1.0000000e-12
4.7280000e-07,2.2198339e-01,2.2198339e-13,1.0000000e-12
4.8280000e-07,2.2664279e-01,2.2664279e-13,1.0000000e-12
4.9280000e-07,2.3129995e-01,2.3129995e-13,1.0000000e-12
5.0280000e-07,2.3595483e-01,2.3595483e-13,1.0000000e-12
5.1280000e-07,2.4060738e-01,2.4060738e-13,1.0000000e-12
5.2280000e-07,2.4525755e-01,2.4525755e-13,1.0000000e-12
5.3280000e-07,2.4990531e-01,2.4990531e-13,1.0000000e-12
5.4280000e-07,2.5455060e-01,2.5455060e-13,1.0000000e-12
5.5280000e-07,2.5919337e-01,2.5919337e-13,1.0000000e-12
5.6280000e-07,2.6383359e-01,2.6383359e-13,1.0000000e-12
5.7280000e-07,2.6847120e-01,2.6847120e-13,1.0000000e-12
5.8280000e-07,2.7310617e-01,2.7310617e-13,1.0000000e-12
5.9280000e-07,2.7773843e-01,2.7773843e-13,1.0000000e-12
6.0280000e-07,2.8236796e-01,2.8236796e-13,1.0000000e-12
6.1280000e-07,2.8699470e-01,2.8699470e-13,1.0000000e-12
6.2280000e-07,2.9161861e-01,2.9161861e-13,1.0000000e-12
6.3280000e-07,2.9623964e-01,2.9623964e-13,1.0000000e-12
6.4280000e-07,3.0085774e-01,3.0085774e-13,1.0000000e-12
6.5280000e-07,3.0547288e-01,3.0547288e-13,1.0000000e-12
6.6280000e-07,3.1008500e-01,3.1008500e-13,1.0000000e-12
6.7280000e-07,3.1469406e-01,3.1469406e-13,1.0000000e-12
6.8280000e-07,3.1930002e-01,3.1930002e-13,1.0000000e-12
6.9280000e-07,3.2390282e-01,3.2390282e-13,1.0000000e-12
7.0280000e-07,3.2850243e-01,3.2850243e-13,1.0000000e-12
7.1280000e-07,3.3309879e-01,3.3309879e-13,1.0000000e-12
7.2280000e-07,3.3769187e-01,3.3769187e-13,1.0000000e-12
7.3280000e-07,3.4228161e-01,3.4228161e-13,1.0000000e-12
7.4280000e-07,3.4686798e-01,3.4686798e-13,1.0000000e-12
7.5280000e-07,3.5145092e-01,3.5145092e-13,1.0000000e-12
7.6280000e-07,3.5603040e-01,3.5603040e-13,1.0000000e-12
7.7280000e-07,3.6060636e-01,3.6060636e-13,1.0000000e-12
7.8280000e-07,3.6517876e-01,3.6517876e-13,1.0000000e-12
7.9280000e-07,3.6974755e-01,3.6974755e-13,1.0000000e-12
8.0280000e-07,3.7431270e-01,3.7431270e-13,1.0000000e-12
8.1280000e-07,3.7887415e-01,3.7887415e-13,1.0000000e-12
8.2280000e-07,3.8343187e-01,3.8343187e-13,1.0000000e-12
8.3280000e-07,3.8798580e-01,3.8798580e-13,1.0000000e-12
8.4280000e-07,3.9253590e-01,3.9253590e-13,1.0000000e-12
8.5280000e-07,3.9708213e-01,3.9708213e-13,1.0000000e-12
8.6280000e-07,4.0162443e-01,4.0162443e-13,1.0000000e-12
8.7280000e-07,4.0616278e-01,4.0616278e-13,1.0000000e-12
8.8280000e-07,4.1069711e-01,4.1069711e-13,1.0000000e-12
8.9280000e-07,4.1522739e-01,4.1522739e-13,1.0000000e-12
9.0280000e-07,4.1975357e-01,4.1975357e-13,1.0000000e-12
9.1280000e-07,4.2427561e-01,4.2427561e-13,1.0000000e-12
9.2280000e-07,4.2879347e-01,4.2879347e-13,1.0000000e-12
9.3280000e-07,4.3330709e-01,4.3330709e-13,1.0000000e-12
9.4280000e-07,4.3781643e-01,4.3781643e-13,1.0000000e-12
9.5280000e-07,4.4232146e-01,4.4232146e-13,1.0000000e-12
9.6280000e-07,4.4682211e-01,4.4682211e-13,1.0000000e-12
9.7280000e-07,4.5131836e-01,4.5131836e-13,1.0000000e-12
9.8280000e-07,4.5581016e-01,4.5581016e-13,1.0000000e-12
9.9280000e-07,4.6029745e-01,4.6029745e-13,1.0000000e-12
1.0028000e-06,4.6478020e-01,4.6478020e-13,1.0000000e-12
1.0128000e-06,4.6925837e-01,4.6925837e-13,1.0000000e-12
1.0228000e-06,4.7373190e-01,4.7373190e-13,1.0000000e-12
1.0328000e-06,4.7820076e-01,4.7820076e-13,1.0000000e-12
1.0428000e-06,4.8266490e-01,4.8266490e-13,1.0000000e-12
1.0528000e-06,4.8712427e-01,4.8712427e-13,1.0000000e-12
1.0628000e-06,4.9157884e-01,4.9157884e-13,1.0000000e-12
1.0728000e-06,4.9602855e-01,4.9602855e-13,1.0000000e-12
1.0828000e-06,5.0047337e-01,5.0047337e-13,1.0000000e-12
1.0928000e-06,5.0491325e-01,5.0491325e-13,1.0000000e-12
1.1028000e-06,5.0934815e-01,5.0934815e-13,1.0000000e-12
1.1128000e-06,5.1377802e-01,5.1377802e-13,1.0000000e-12
1.1228000e-06,5.1820281e-01,5.1820281e-13,1.0000000e-12
1.1328000e-06,5.2262250e-01,5.2262250e-13,1.0000000e-12
1.1428000e-06,5.2703703e-01,5.2703703e-13,1.0000000e-12
1.1528000e-06,5.3144635e-01,5.3144635e-13,1.0000000e-12
1.1628000e-06,5.3585043e-01,5.3585043e-13,1.0000000e-12
1.1728000e-06,5.4024922e-01,5.4024922e-13,1.0000000e-12
1.1828000e-06,5.4464268e-01,5.4464268e-13,1.0000000e-12
1.1928000e-06,5.4903076e-01,5.4903076e-13,1.0000000e-12
1.2028000e-06,5.5341343e-01,5.5341343e-13,1.0000000e-12
1.2128000e-06,5.5779063e-01,5.5779063e-13,1.0000000e-12
1.2228000e-06,5.6216233e-01,5.6216233e-13,1.0000000e-12
1.2328000e-06,5.6652848e-01,5.6652848e-13,1.0000000e-12
1.2428000e-06,5.7088903e-01,5.7088903e-13,1.0000000e-12
1.2528000e-06,5.7524396e-01,5.7524396e-13,1.0000000e-12
1.2628000e-06,5.7959320e-01,5.7959320e-13,1.0000000e-12
1.2728000e-06,5.8393673e-01,5.8393673e-13,1.0000000e-12
1.2828000e-06,5.8827449e-01,5.8827449e-13,1.0000000e-12
1.2928000e-06,5.9260645e-01,5.9260645e-13,1.0000000e-12
1.3028000e-06,5.9693255e-01,5.9693255e-13,1.0000000e-12
1.3128000e-06,6.0125277e-01,6.0125277e-13,1.0000000e-12
1.3228000e-06,6.0556705e-01,6.0556705e-13,1.0000000e-12
1.3328000e-06,6.0987536e-01,6.0987536e-13,1.0000000e-12
1.3428000e-06,6.1417764e-01,6.1417764e-13,1.0000000e-12
1.3528000e-06,6.1847387e-01,6.1847387e-13,1.0000000e-12
1.3628000e-06,6.2276399e-01,6.2276399e-13,1.0000000e-12
1.3728000e-06,6.2704796e-01,6.2704796e-13,1.0000000e-12
1.3828000e-06,6.3132575e-01,6.3132575e-13,1.0000000e-12
1.3928000e-06,6.3559730e-01,6.3559730e-13,1.0000000e-12
1.4028000e-06,6.3986258e-01,6.3986258e-13,1.0000000e-12
1.4128000e-06,6.4412155e-01,6.4412155e-13,1.0000000e-12
1.4228000e-06,6.4837416e-01,6.4837416e-13,1.0000000e-12
1.4328000e-06,6.5262037e-01,6.5262037e-13,1.0000000e-12
1.4428000e-06,6.5686013e-01,6.5686013e-13,1.0000000e-12
1.4528000e-06,6.6109342e-01,6.6109342e-13,1.0000000e-12
1.4628000e-06,6.6532018e-01,6.6532018e-13,1.0000000e-12
1.4728000e-06,6.6954037e-01,6.6954037e-13,1.0000000e-12
1.4828000e-06,6.7375396e-01,6.7375396e-13,1.0000000e-12
1.4928000e-06,6.7796090e-01,6.7796090e-13,1.0000000e-12
1.5028000e-06,6.8216114e-01,6.8216114e-13,1.0000000e-12
1.5128000e-06,6.8635465e-01,6.8635465e-13,1.0000000e-12
1.5228000e-06,6.9054139e-01,6.9054139e-13,1.0000000e-12
1.5328000e-06,6.9472132e-01,6.9472132e-13,1.0000000e-12
1.5428000e-06,6.9889438e-01,6.9889438e-13,1.0000000e-12
1.5528000e-06,7.0306055e-01,7.0306055e-13,1.0000000e-12
1.5628000e-06,7.0721978e-01,7.0721978e-13,1.0000000e-12
1.5728000e-06,7.1137203e-01,7.1137203e-13,1.0000000e-12
1.5828000e-06,7.1551726e-01,7.1551726e-13,1.0000000e-12
1.5928000e-06,7.1965543e-01,7.1965543e-13,1.0000000e-12
1.6028000e-06,7.2378649e-01,7.2378649e-13,1.0000000e-12
1.6128000e-06,7.2791041e-01,7.2791041e-13,1.0000000e-12
1.6228000e-06,7.3202715e-01,7.3202715e-13,1.0000000e-12
1.6328000e-06,7.3613666e-01,7.3613666e-13,1.0000000e-12
1.6428000e-06,7.4023891e-01,7.4023891e-13,1.0000000e-12
1.6528000e-06,7.4433385e-01,7.4433385e-13,1.0000000e-12
1.6628000e-06,7.4842144e-01,7.4842144e-13,1.0000000e-12
1.6728000e-06,7.5250165e-01,7.5250165e-13,1.0000000e-12
1.6828000e-06,7.5657443e-01,7.5657443e-13,1.0000000e-12
1.6928000e-06,7.6063974e-01,7.6063974e-13,1.0000000e-12
1.7028000e-06,7.6469755e-01,7.6469755e-13,1.0000000e-12
1.7128000e-06,7.6874781e-01,7.6874781e-13,1.0000000e-12
1.7228000e-06,7.7279048e-01,7.7279048e-13,1.0000000e-12
1.7328000e-06,7.7682553e-01,7.7682553e-13,1.0000000e-12
1.7428000e-06,7.8085290e-01,7.8085290e-13,1.0000000e-12
1.7528000e-06,7.8487258e-01,7.8487258e-13,1.0000000e-12
1.7628000e-06,7.8888450e-01,7.8888450e-13,1.0000000e-12
1.7728000e-06,7.9288864e-01,7.9288864e-13,1.0000000e-12
1.7828000e-06,7.9688495e-01,7.9688495e-13,1.0000000e-12
1.7928000e-06,8.0087340e-01,8.0100115e-13,1.0001595e-12
1.8028000e-06,8.0485395e-01,8.0595714e-13,1.0013707e-12
1.8128000e-06,8.0882655e-01,8.1255329e-13,1.0046076e-12
1.8228000e-06,8.1279116e-01,8.2115898e-13,1.0102952e-12
1.8328000e-06,8.1674776e-01,8.3204891e-13,1.0187342e-12
1.8428000e-06,8.2069630e-01,8.4540159e-13,1.0301028e-12
1.8528000e-06,8.2463673e-01,8.6131747e-13,1.0444811e-12
1.8628000e-06,8.2856903e-01,8.7984376e-13,1.0618835e-12
1.8728000e-06,8.3249314e-01,9.0099671e-13,1.0822872e-12
1.8828000e-06,8.3640905e-01,9.2477778e-13,1.1056525e-12
1.8928000e-06,8.4031669e-01,9.5118373e-13,1.1319348e-12
1.9028000e-06,8.4421605e-01,9.8021210e-13,1.1610915e-12
1.9128000e-06,8.4810707e-01,1.0118637e-12,1.1930849e-12
1.9228000e-06,8.5198972e-01,1.0461436e-12,1.2278829e-12
1.9328000e-06,8.5586396e-01,1.0830605e-12,1.2654587e-12
1.9428000e-06,8.5972976e-01,1.1226268e-12,1.3057904e-12
1.9528000e-06,8.6358707e-01,1.1648578e-12,1.3488597e-12
1.9628000e-06,8.6743585e-01,1.2097707e-12,1.3946515e-12
1.9728000e-06,8.7127608e-01,1.2573846e-12,1.4431528e-12
1.9828000e-06,8.7510771e-01,1.3077196e-12,1.4943528e-12
1.9928000e-06,8.7893070e-01,1.3607970e-12,1.5482415e-12
2.0028000e-06,8.8274501e-01,1.4166383e-12,1.6048104e-12
2.0128000e-06,8.8655061e-01,1.4752656e-12,1.6640512e-12
2.0228000e-06,8.9034746e-01,1.5367009e-12,1.7259564e-12
2.0328000e-06,8.9413553e-01,1.6009667e-12,1.7905190e-12
2.0428000e-06,8.9791477e-01,1.6680850e-12,1.8577320e-12
2.0528000e-06,9.0168515e-01,1.7380781e-12,1.9275887e-12
2.0628000e-06,9.0544663e-01,1.8109680e-12,2.0000825e-12
2.0728000e-06,9.0919917e-01,1.8867764e-12,2.0752069e-12
2.0828000e-06,9.1294274e-01,1.9655250e-12,2.1529554e-12
2.0928000e-06,9.1667730e-01,2.0472351e-12,2.2333215e-12
2.1028000e-06,9.2040281e-01,2.1319281e-12,2.3162990e-12
2.1128000e-06,9.2411924e-01,2.2196247e-12,2.4018813e-12
2.1228000e-06,9.2782654e-01,2.3103456e-12,2.4900620e-12
2.1328000e-06,9.3152469e-01,2.4041113e-12,2.5808347e-12
2.1428000e-06,9.3521365e-01,2.5009418e-12,2.6741930e-12
2.1528000e-06,9.3889338e-01,2.6008570e-12,2.7701303e-12
2.1628000e-06,9.4256383e-01,2.7038766e-12,2.8686403e-12
2.1728000e-06,9.4622499e-01,2.8100198e-12,2.9697163e-12
2.1828000e-06,9.4987681e-01,2.9193057e-12,3.0733519e-12
2.1928000e-06,9.5351925e-01,3.0317531e-12,3.1795405e-12
2.2028000e-06,9.5715228e-01,3.1473804e-12,3.2882755e-12
2.2128000e-06,9.6077587e-01,3.2662059e-12,3.3995503e-12
2.2228000e-06,9.6438997e-01,3.3882476e-12,3.5133584e-12
2.2328000e-06,9.6799456e-01,3.5135230e-12,3.6296929e-12
2.2428000e-06,9.7158959e-01,3.6420496e-12,3.7485474e-12
2.2528000e-06,9.7517503e-01,3.7738445e-12,3.8699150e-12
2.2628000e-06,9.7875084e-01,3.9089244e-12,3.9937891e-12
2.2728000e-06,9.8231700e-01,4.0473060e-12,4.1201628e-12
2.2828000e-06,9.8587346e-01,4.1890054e-12,4.2490295e-12
2.2928000e-06,9.8942020e-01,4.3340387e-12,4.3803822e-12
2.3028000e-06,9.9295716e-01,4.4824214e-12,4.5142143e-12
2.3128000e-06,9.9648433e-01,4.6341691e-12,4.6505188e-12
2.3228000e-06,1.0000017e+00,4.7892969e-12,4.7892889e-12
2.3328000e-06,1.0035091e+00,4.9478195e-12,4.9305177e-12
2.3428000e-06,1.0070067e+00,5.1097515e-12,5.0741982e-12
2.3528000e-06,1.0104943e+00,5.2751072e-12,5.2203236e-12
2.3628000e-06,1.0139719e+00,5.4439006e-12,5.3688868e-12
2.3728000e-06,1.0174396e+00,5.6161452e-12,5.5198808e-12
2.3828000e-06,1.0208972e+00,5.7918546e-12,5.6732987e-12
2.3928000e-06,1.0243447e+00,5.9710418e-12,5.8291333e-12
2.4028000e-06,1.0277821e+00,6.1537197e-12,5.9873777e-12
2.4128000e-06,1.0312094e+00,6.3399008e-12,6.1480247e-12
2.4228000e-06,1.0346265e+00,6.5295973e-12,6.3110673e-12
2.4328000e-06,1.0380333e+00,6.7228211e-12,6.4764982e-12
2.4428000e-06,1.0414300e+00,6.9195840e-12,6.6443104e-12
2.4528000e-06,1.0448163e+00,7.1198974e-12,6.8144966e-12
2.4628000e-06,1.0481924e+00,7.3237722e-12,6.9870496e-12
2.4728000e-06,1.0515581e+00,7.5312193e-12,7.1619623e-12
2.4828000e-06,1.0549134e+00,7.7422492e-12,7.3392273e-12
2.4928000e-06,1.0582583e+00,7.9568721e-12,7.5188374e-12
2.5028000e-06,1.0615928e+00,8.1750980e-12,7.7007853e-12
2.5128000e-06,1.0649168e+00,8.3969363e-12,7.8850636e-12
2.5228000e-06,1.0682302e+00,8.6223966e-12,8.0716651e-12
2.5328000e-06,1.0715332e+00,8.8514878e-12,8.2605823e-12
2.5428000e-06,1.0748255e+00,9.0842187e-12,8.4518078e-12
2.5528000e-06,1.0781073e+00,9.3205977e-12,8.6453343e-12
2.5628000e-06,1.0813784e+00,9.5606330e-12,8.8411542e-12
2.5728000e-06,1.0846388e+00,9.8043325e-12,9.0392602e-12
2.5828000e-06,1.0878885e+00,1.0051704e-11,9.2396448e-12
2.5928000e-06,1.0911275e+00,1.0302754e-11,9.4423004e-12
2.6028000e-06,1.0943558e+00,1.0557490e-11,9.6472196e-12
2.6128000e-06,1.0975732e+00,1.0815919e-11,9.8543947e-12
2.6228000e-06,1.1007798e+00,1.1078048e-11,1.0063818e-11
2.6328000e-06,1.1039755e+00,1.1343881e-11,1.0275483e-11
2.6428000e-06,1.1071603e+00,1.1613426e-11,1.0489380e-11
2.6528000e-06,1.1103342e+00,1.1886687e-11,1.0705503e-11
2.6628000e-06,1.1134972e+00,1.2163670e-11,1.0923844e-11
2.6728000e-06,1.1166491e+00,1.2444379e-11,1.1144395e-11
2.6828000e-06,1.1197901e+00,1.2728821e-11,1.1367149e-11
2.6928000e-06,1.1229199e+00,1.3016998e-11,1.1592098e-11
2.7028000e-06,1.1260387e+00,1.3308915e-11,1.1819233e-11
2.7128000e-06,1.1291464e+00,1.3604575e-11,1.2048548e-11
2.7228000e-06,1.1322430e+00,1.3903983e-11,1.2280034e-11
2.7328000e-06,1.1353283e+00,1.4207140e-11,1.2513684e-11
2.7428000e-06,1.1384025e+00,1.4514051e-11,1.2749490e-11
2.7528000e-06,1.1414654e+00,1.4824718e-11,1.2987444e-11
2.7628000e-06,1.1445171e+00,1.5139143e-11,1.3227538e-11
2.7728000e-06,1.1475575e+00,1.5457328e-11,1.3469764e-11
2.7828000e-06,1.1505865e+00,1.5779275e-11,1.3714114e-11
2.7928000e-06,1.1536042e+00,1.6104985e-11,1.3960581e-11
2.8028000e-06,1.1566105e+00,1.6434459e-11,1.4209156e-11
2.8128000e-06,1.1596054e+00,1.6767698e-11,1.4459832e-11
2.8228000e-06,1.1625888e+00,1.7104703e-11,1.4712600e-11
2.8328000e-06,1.1655608e+00,1.7445475e-11,1.4967452e-11
2.8428000e-06,1.1685212e+00,1.7790012e-11,1.5224381e-11
2.8528000e-06,1.1714701e+00,1.8138315e-11,1.5483378e-11
2.8628000e-06,1.1744075e+00,1.8490382e-11,1.5744435e-11
2.8728000e-06,1.1773333e+00,1.8846214e-11,1.6007544e-11
2.8828000e-06,1.1802474e+00,1.9205809e-11,1.6272697e-11
2.8928000e-06,1.1831499e+00,1.9569166e-11,1.6539886e-11
2.9028000e-06,1.1860408e+00,1.9936282e-11,1.6809103e-11
2.9128000e-06,1.1889199e+00,2.0307155e-11,1.7080339e-11
2.9228000e-06,1.1917873e+00,2.0681784e-11,1.7353587e-11
2.9328000e-06,1.1946429e+00,2.1060166e-11,1.7628837e-11
2.9428000e-06,1.1974867e+00,2.1442297e-11,1.7906083e-11
2.9528000e-06,1.2003188e+00,2.1828174e-11,1.8185315e-11
2.9628000e-06,1.2031389e+00,2.2217795e-11,1.8466525e-11
2.9728000e-06,1.2059472e+00,2.2611155e-11,1.8749705e-11
2.9828000e-06,1.2087436e+00,2.3008250e-11,1.9034847e-11
2.9928000e-06,1.2115281e+00,2.3409075e-11,1.9321942e-11
3.0028000e-06,1.2143006e+00,2.3813627e-11,1.9610982e-11
3.0128000e-06,1.2170611e+00,2.4221900e-11,1.9901959e-11
3.0228000e-06,1.2198096e+00,2.4633889e-11,2.0194863e-11
3.0328000e-06,1.2225461e+00,2.5049588e-11,2.0489688e-11
3.0428000e-06,1.2252705e+00,2.5468992e-11,2.0786424e-11
3.0528000e-06,1.2279828e+00,2.5892094e-11,2.1085062e-11
3.0628000e-06,1.2306830e+00,2.6318889e-11,2.1385595e-11
3.0728000e-06,1.2333710e+00,2.6749369e-11,2.1688014e-11
3.0828000e-06,1.2360469e+00,2.7183528e-11,2.1992311e-11
3.0928000e-06,1.2387106e+00,2.7621358e-11,2.2298476e-11
3.1028000e-06,1.2413620e+00,2.8062852e-11,2.2606501e-11
3.1128000e-06,1.2440012e+00,2.8508003e-11,2.2916378e-11
3.1228000e-06,1.2466281e+00,2.8956801e-11,2.3228099e-11
3.1328000e-06,1.2492428e+00,2.9409240e-11,2.3541653e-11
3.1428000e-06,1.2518450e+00,2.9865310e-11,2.3857034e-11
3.1528000e-06,1.2544350e+00,3.0325002e-11,2.4174232e-11
3.1628000e-06,1.2570125e+00,3.0788308e-11,2.4493239e-11
3.1728000e-06,1.2595777e+00,3.1255217e-11,2.4814045e-11
3.1828000e-06,1.2621304e+00,3.1725721e-11,2.5136643e-11
3.1928000e-06,1.2646706e+00,3.2199809e-11,2.5461023e-11
3.2028000e-06,1.2671984e+00,3.2677470e-11,2.5787178e-11
3.2128000e-06,1.2697137e+00,3.3158695e-11,2.6115097e-11
3.2228000e-06,1.2722164e+00,3.3643473e-11,2.6444772e-11
3.2328000e-06,1.2747066e+00,3.4131793e-11,2.6776195e-11
3.2428000e-06,1.2771842e+00,3.4623642e-11,2.7109357e-11
3.2528000e-06,1.2796492e+00,3.5119010e-11,2.7444249e-11
3.2628000e-06,1.2821015e+00,3.5617885e-11,2.7780862e-11
3.2728000e-06,1.2845412e+00,3.6120255e-11,2.8119187e-11
3.2828000e-06,1.2869683e+00,3.6626107e-11,2.8459215e-11
3.2928000e-06,1.2893826e+00,3.7135428e-11,2.8800938e-11
3.3028000e-06,1.2917842e+00,3.7648206e-11,2.9144346e-11
3.3128000e-06,1.2941731e+00,3.8164427e-11,2.9489431e-11
3.3228000e-06,1.2965491e+00,3.8684079e-11,2.9836184e-11
3.3328000e-06,1.2989124e+00,3.9207146e-11,3.0184595e-11
3.3428000e-06,1.3012629e+00,3.9733616e-11,3.0534657e-11
3.3528000e-06,1.3036005e+00,4.0263473e-11,3.0886359e-11
3.3628000e-06,1.3059253e+00,4.0796704e-11,3.1239693e-11
3.3728000e-06,1.3082371e+00,4.1333294e-11,3.1594650e-11
3.3828000e-06,1.3105361e+00,4.1873227e-11,3.1951220e-11
3.3928000e-06,1.3128221e+00,4.2416489e-11,3.2309396e-11
3.4028000e-06,1.3150952e+00,4.2963064e-11,3.2669167e-11
3.4128000e-06,1.3173553e+00,4.3512935e-11,3.3030525e-11
3.4228000e-06,1.3196023e+00,4.4066087e-11,3.3393460e-11
3.4328000e-06,1.3218364e+00,4.4622504e-11,3.3757963e-11
3.4428000e-06,1.3240574e+00,4.5182169e-11,3.4124026e-11
3.4528000e-06,1.3262654e+00,4.5745066e-11,3.4491639e-11
3.4628000e-06,1.3284602e+00,4.6311176e-11,3.4860793e-11
3.4728000e-06,1.3306419e+00,4.6880484e-11,3.5231479e-11
3.4828000e-06,1.3328106e+00,4.7452970e-11,3.5603687e-11
3.4928000e-06,1.3349660e+00,4.8028618e-11,3.5977409e-11
3.5028000e-06,1.3371083e+00,4.8607410e-11,3.6352635e-11
3.5128000e-06,1.3392374e+00,4.9189326e-11,3.6729356e-11
3.5228000e-06,1.3413532e+00,4.9774350e-11,3.7107563e-11
3.5328000e-06,1.3434559e+00,5.0362461e-11,3.7487246e-11
3.5428000e-06,1.3455452e+00,5.0953640e-11,3.7868396e-11
3.5528000e-06,1.3476213e+00,5.1547870e-11,3.8251005e-11
3.5628000e-06,1.3496841e+00,5.2145129e-11,3.8635061e-11
3.5728000e-06,1.3517336e+00,5.2745398e-11,3.9020558e-11
3.5828000e-06,1.3537697e+00,5.3348658e-11,3.9407484e-11
3.5928000e-06,1.3557925e+00,5.3954887e-11,3.9795831e-11
3.6028000e-06,1.3578019e+00,5.4564067e-11,4.0185589e-11
3.6128000e-06,1.3597978e+00,5.5176175e-11,4.0576748e-11
3.6228000e-06,1.3617804e+00,5.5791191e-11,4.0969301e-11
3.6328000e-06,1.3637495e+00,5.6409094e-11,4.1363236e-11
3.6428000e-06,1.3657052e+00,5.7029862e-11,4.1758545e-11
3.6528000e-06,1.3676474e+00,5.7653474e-11,4.2155219e-11
3.6628000e-06,1.3695761e+00,5.8279908e-11,4.2553247e-11
3.6728000e-06,1.3714912e+00,5.8909142e-11,4.2952621e-11
3.6828000e-06,1.3733929e+00,5.9541153e-11,4.3353330e-11
3.6928000e-06,1.3752809e+00,6.0175920e-11,4.3755366e-11
3.7028000e-06,1.3771554e+00,6.0813419e-11,4.4158719e-11
3.7128000e-06,1.3790163e+00,6.1453627e-11,4.4563379e-11
3.7228000e-06,1.3808636e+00,6.2096522e-11,4.4969337e-11
3.7328000e-06,1.3826973e+00,6.2742079e-11,4.5376583e-11
3.7428000e-06,1.3845173e+00,6.3390276e-11,4.5785108e-11
3.7528000e-06,1.3863237e+00,6.4041088e-11,4.6194902e-11
3.7628000e-06,1.3881164e+00,6.4694492e-11,4.6605957e-11
3.7728000e-06,1.3898954e+00,6.5350462e-11,4.7018261e-11
3.7828000e-06,1.3916606e+00,6.6008975e-11,4.7431805e-11
3.7928000e-06,1.3934121e+00,6.6670007e-11,4.7846581e-11
3.8028000e-06,1.3951499e+00,6.7333531e-11,4.8262577e-11
3.8128000e-06,1.3968739e+00,6.7999523e-11,4.8679786e-11
3.8228000e-06,1.3985841e+00,6.8667958e-11,4.9098196e-11
3.8328000e-06,1.4002806e+00,6.9338811e-11,4.9517799e-11
3.8428000e-06,1.4019631e+00,7.0012054e-11,4.9938584e-11
3.8528000e-06,1.4036319e+00,7.0687664e-11,5.0360542e-11
3.8628000e-06,1.4052868e+00,7.1365613e-11,5.0783664e-11
3.8728000e-06,1.4069278e+00,7.2045875e-11,5.1207939e-11
3.8828000e-06,1.4085550e+00,7.2728424e-11,5.1633358e-11
3.8928000e-06,1.4101682e+00,7.3413233e-11,5.2059911e-11
3.9028000e-06,1.4117676e+00,7.4100275e-11,5.2487589e-11
3.9128000e-06,1.4133530e+00,7.4789523e-11,5.2916381e-11
3.9228000e-06,1.4149244e+00,7.5480950e-11,5.3346278e-11
3.9328000e-06,1.4164819e+00,7.6174529e-11,5.3777270e-11
3.9428000e-06,1.4180254e+00,7.6870231e-11,5.4209348e-11
3.9528000e-06,1.4195549e+00,7.7568029e-11,5.4642501e-11
3.9628000e-06,1.4210704e+00,7.8267895e-11,5.5076720e-11
3.9728000e-06,1.4225719e+00,7.8969801e-11,5.5511994e-11
3.9828000e-06,1.4240593e+00,7.9673718e-11,5.5948315e-11
3.9928000e-06,1.4255327e+00,8.0379617e-11,5.6385672e-11
4.0028000e-06,1.4269920e+00,8.1087471e-11,5.6824056e-11
4.0128000e-06,1.4284372e+00,8.1797250e-11,5.7263456e-11
4.0228000e-06,1.4298683e+00,8.2508925e-11,5.7703863e-11
4.0328000e-06,1.4312853e+00,8.3222467e-11,5.8145267e-11
4.0428000e-06,1.4326882e+00,8.3937846e-11,5.8587658e-11
4.0528000e-06,1.4340769e+00,8.4655033e-11,5.9031025e-11
4.0628000e-06,1.4354515e+00,8.5373997e-11,5.9475360e-11
4.0728000e-06,1.4368120e+00,8.6094710e-11,5.9920653e-11
4.0828000e-06,1.4381582e+00,8.6817141e-11,6.0366892e-11
4.0928000e-06,1.4394902e+00,8.7541260e-11,6.0814069e-11
4.1028000e-06,1.4408081e+00,8.8267035e-11,6.1262174e-11
4.1128000e-06,1.4421117e+00,8.8994438e-11,6.1711195e-11
4.1228000e-06,1.4434011e+00,8.9723436e-11,6.2161125e-11
4.1328000e-06,1.4446762e+00,9.0454000e-11,6.2611952e-11
4.1428000e-06,1.4459371e+00,9.1186097e-11,6.3063667e-11
4.1528000e-06,1.4471837e+00,9.1919697e-11,6.3516259e-11
4.1628000e-06,1.4484161e+00,9.2654769e-11,6.3969719e-11
4.1728000e-06,1.4496341e+00,9.3391281e-11,6.4424037e-11
4.1828000e-06,1.4508378e+00,9.4129200e-11,6.4879202e-11
4.1928000e-06,1.4520272e+00,9.4868497e-11,6.5335204e-11
4.2028000e-06,1.4532023e+00,9.5609138e-11,6.5792035e-11
4.2128000e-06,1.4543631e+00,9.6351091e-11,6.6249683e-11
4.2228000e-06,1.4555094e+00,9.7094324e-11,6.6708138e-11
4.2328000e-06,1.4566414e+00,9.7838806e-11,6.7167391e-11
4.2428000e-06,1.4577591e+00,9.8584502e-11,6.7627431e-11
4.2528000e-06,1.4588623e+00,9.9331382e-11,6.8088249e-11
4.2628000e-06,1.4599512e+00,1.0007941e-10,6.8549833e-11
4.2728000e-06,1.4610256e+00,1.0082856e-10,6.9012175e-11
4.2828000e-06,1.4620857e+00,1.0157879e-10,6.9475264e-11
4.2928000e-06,1.4631313e+00,1.0233007e-10,6.9939090e-11
4.3028000e-06,1.4641624e+00,1.0308237e-10,7.0403643e-11
4.3128000e-06,1.4651791e+00,1.0383565e-10,7.0868912e-11
4.3228000e-06,1.4661814e+00,1.0458988e-10,7.1334889e-11
4.3328000e-06,1.4671691e+00,1.0534503e-10,7.1801561e-11
4.3428000e-06,1.4681424e+00,1.0610107e-10,7.2268920e-11
4.3528000e-06,1.4691012e+00,1.0685795e-10,7.2736956e-11
4.3628000e-06,1.4700455e+00,1.0761565e-10,7.3205657e-11
4.3728000e-06,1.4709753e+00,1.0837413e-10,7.3675014e-11
4.3828000e-06,1.4718906e+00,1.0913335e-10,7.4145017e-11
4.3928000e-06,1.4727913e+00,1.0989329e-10,7.4615656e-11
4.4028000e-06,1.4736775e+00,1.1065391e-10,7.5086920e-11
4.4128000e-06,1.4745492e+00,1.1141517e-10,7.5558799e-11
4.4228000e-06,1.4754063e+00,1.1217704e-10,7.6031284e-11
4.4328000e-06,1.4762489e+00,1.1293948e-10,7.6504363e-11
4.4428000e-06,1.4770769e+00,1.1370246e-10,7.6978027e-11
4.4528000e-06,1.4778903e+00,1.1446595e-10,7.7452266e-11
4.4628000e-06,1.4786891e+00,1.1522953e-10,7.7927068e-11
4.4728000e-06,1.4794733e+00,1.1599392e-10,7.8402425e-11
4.4828000e-06,1.4802429e+00,1.1675872e-10,7.8878326e-11
4.4928000e-06,1.4809980e+00,1.1752388e-10,7.9354760e-11
4.5028000e-06,1.4817383e+00,1.1828936e-10,7.9831718e-11
4.5128000e-06,1.4824641e+00,1.1905514e-10,8.0309189e-11
4.5228000e-06,1.4831753e+00,1.1982118e-10,8.0787163e-11
4.5328000e-06,1.4838718e+00,1.2058744e-10,8.1265629e-11
4.5428000e-06,1.4845536e+00,1.2135388e-10,8.1744578e-11
4.5528000e-06,1.4852208e+00,1.2212048e-10,8.2223999e-11
4.5628000e-06,1.4858734e+00,1.2288718e-10,8.2703882e-11
4.5728000e-06,1.4865113e+00,1.2365397e-10,8.3184217e-11
4.5828000e-06,1.4871345e+00,1.2442079e-10,8.3664993e-11
4.5928000e-06,1.4877430e+00,1.2518763e-10,8.4146200e-11
4.6028000e-06,1.4883368e+00,1.2595443e-10,8.4627828e-11
4.6128000e-06,1.4889160e+00,1.2672116e-10,8.5109866e-11
4.6228000e-06,1.4894805e+00,1.2748779e-10,8.5592305e-11
4.6328000e-06,1.4900302e+00,1.2825429e-10,8.6075134e-11
4.6428000e-06,1.4905653e+00,1.2902060e-10,8.6558342e-11
4.6528000e-06,1.4910856e+00,1.2978671e-10,8.7041920e-11
4.6628000e-06,1.4915913e+00,1.3055256e-10,8.7525857e-11
4.6728000e-06,1.4920822e+00,1.3131813e-10,8.8010143e-11
4.6828000e-06,1.4925584e+00,1.3208337e-10,8.8494767e-11
4.6928000e-06,1.4930198e+00,1.3284826e-10,8.8979719e-11
4.7028000e-06,1.4934665e+00,1.3361275e-10,8.9464989e-11
4.7128000e-06,1.4938985e+00,1.3437681e-10,8.9950567e-11
4.7228000e-06,1.4943158e+00,1.3514040e-10,9.0436442e-11
4.7328000e-06,1.4947182e+00,1.3590348e-10,9.0922604e-11
4.7428000e-06,1.4951060e+00,1.3666602e-10,9.1409043e-11
4.7528000e-06,1.4954789e+00,1.3742797e-10,9.1895747e-11
4.7628000e-06,1.4958372e+00,1.3818931e-10,9.2382708e-11
4.7728000e-06,1.4961806e+00,1.3895000e-10,9.2869914e-11
4.7828000e-06,1.4965093e+00,1.3970999e-10,9.3357356e-11
4.7928000e-06,1.4968232e+00,1.4046925e-10,9.3845022e-11
4.8028000e-06,1.4971224e+00,1.4122775e-10,9.4332903e-11
4.8128000e-06,1.4974067e+00,1.4198545e-10,9.4820988e-11
4.8228000e-06,1.4976763e+00,1.4274230e-10,9.5309267e-11
4.8328000e-06,1.4979311e+00,1.4349828e-10,9.5797730e-11
4.8428000e-06,1.4981712e+00,1.4425334e-10,9.6286366e-11
4.8528000e-06,1.4983964e+00,1.4500745e-10,9.6775164e-11
4.8628000e-06,1.4986068e+00,1.4576057e-10,9.7264115e-11
4.8728000e-06,1.4988025e+00,1.4651266e-10,9.7753209e-11
4.8828000e-06,1.4989834e+00,1.4726368e-10,9.8242434e-11
4.8928000e-06,1.4991494e+00,1.4801361e-10,9.8731780e-11
4.9028000e-06,1.4993007e+00,1.4876240e-10,9.9221238e-11
4.9128000e-06,1.4994372e+00,1.4951001e-10,9.9710796e-11
4.9140500e-06,1.4994532e+00,1.4960342e-10,9.9771998e-11
4.9165500e-06,1.4994845e+00,1.4979011e-10,9.9894405e-11
4.9215500e-06,1.4995445e+00,1.4997966e-10,1.0001681e-10
4.9315500e-06,1.4996532e+00,1.4999054e-10,1.0001681e-10
4.9415500e-06,1.4997471e+00,1.4999993e-10,1.0001682e-10
4.9515500e-06,1.4998262e+00,1.5000784e-10,1.0001682e-10
4.9615500e-06,1.4998906e+00,1.5001428e-10,1.0001682e-10
4.9715500e-06,1.4999401e+00,1.5001923e-10,1.0001682e-10
4.9815500e-06,1.4999748e+00,1.5002270e-10,1.0001682e-10
4.9915500e-06,1.4999947e+00,1.5002469e-10,1.0001682e-10
5.0015500e-06,1.4999998e+00,1.5002520e-10,1.0001682e-10
5.0115500e-06,1.4999901e+00,1.5002424e-10,1.0001682e-10
5.0215500e-06,1.4999656e+00,1.5002178e-10,1.0001682e-10
5.0315500e-06,1.4999263e+00,1.5001785e-10,1.0001682e-10
5.0415500e-06,1.4998722e+00,1.5001244e-10,1.0001682e-10
5.0515500e-06,1.4998033e+00,1.5000555e-10,1.0001682e-10
5.0615500e-06,1.4997196e+00,1.4999718e-10,1.0001682e-10
5.0715500e-06,1.4996211e+00,1.4998732e-10,1.0001682e-10
5.0815500e-06,1.4995078e+00,1.4997599e-10,1.0001682e-10
5.0915500e-06,1.4993796e+00,1.4996318e-10,1.0001682e-10
5.1015500e-06,1.4992367e+00,1.4994888e-10,1.0001682e-10
5.1115500e-06,1.4990790e+00,1.4993311e-10,1.0001682e-10
5.1215500e-06,1.4989065e+00,1.4991585e-10,1.0001682e-10
5.1315500e-06,1.4987192e+00,1.4989712e-10,1.0001682e-10
5.1415500e-06,1.4985171e+00,1.4987691e-10,1.0001682e-10
5.1515500e-06,1.4983002e+00,1.4985522e-10,1.0001682e-10
5.1615500e-06,1.4980686e+00,1.4983205e-10,1.0001682e-10
5.1715500e-06,1.4978221e+00,1.4980740e-10,1.0001682e-10
5.1815500e-06,1.4975609e+00,1.4978127e-10,1.0001682e-10
5.1915500e-06,1.4972848e+00,1.4975366e-10,1.0001682e-10
5.2015500e-06,1.4969941e+00,1.4972458e-10,1.0001682e-10
5.2115500e-06,1.4966885e+00,1.4969402e-10,1.0001682e-10
5.2215500e-06,1.4963681e+00,1.4966198e-10,1.0001682e-10
5.2315500e-06,1.4960330e+00,1.4962846e-10,1.0001682e-10
5.2415500e-06,1.4956832e+00,1.4959347e-10,1.0001682e-10
5.2515500e-06,1.4953185e+00,1.4955700e-10,1.0001682e-10
5.2615500e-06,1.4949391e+00,1.4951905e-10,1.0001682e-10
5.2715500e-06,1.4945450e+00,1.4947963e-10,1.0001682e-10
5.2815500e-06,1.4941361e+00,1.4943873e-10,1.0001682e-10
5.2915500e-06,1.4937124e+00,1.4939636e-10,1.0001682e-10
5.3015500e-06,1.4932740e+00,1.4935251e-10,1.0001682e-10
5.3115500e-06,1.4928209e+00,1.4930719e-10,1.0001682e-10
5.3215500e-06,1.4923530e+00,1.4926040e-10,1.0001682e-10
5.3315500e-06,1.4918705e+00,1.4921213e-10,1.0001682e-10
5.3415500e-06,1.4913731e+00,1.4916239e-10,1.0001682e-10
5.3515500e-06,1.4908611e+00,1.4911118e-10,1.0001682e-10
5.3615500e-06,1.4903344e+00,1.4905850e-10,1.0001682e-10
5.3715500e-06,1.4897929e+00,1.4900434e-10,1.0001682e-10
5.3815500e-06,1.4892367e+00,1.4894872e-10,1.0001682e-10
5.3915500e-06,1.4886659e+00,1.4889162e-10,1.0001682e-10
5.4015500e-06,1.4880803e+00,1.4883306e-10,1.0001682e-10
5.4115500e-06,1.4874801e+00,1.4877302e-10,1.0001682e-10
5.4215500e-06,1.4868652e+00,1.4871152e-10,1.0001682e-10
5.4315500e-06,1.4862356e+00,1.4864855e-10,1.0001682e-10
5.4415500e-06,1.4855913e+00,1.4858411e-10,1.0001682e-10
5.4515500e-06,1.4849324e+00,1.4851821e-10,1.0001682e-10
5.4615500e-06,1.4842588e+00,1.4845084e-10,1.0001682e-10
5.4715500e-06,1.4835706e+00,1.4838201e-10,1.0001682e-10
5.4815500e-06,1.4828677e+00,1.4831171e-10,1.0001682e-10
5.4915500e-06,1.4821502e+00,1.4823995e-10,1.0001682e-10
5.5015500e-06,1.4814181e+00,1.4816672e-10,1.0001682e-10
5.5115500e-06,1.4806713e+00,1.4809203e-10,1.0001682e-10
5.5215500e-06,1.4799099e+00,1.4801588e-10,1.0001682e-10
5.5315500e-06,1.4791340e+00,1.4793827e-10,1.0001682e-10
5.5415500e-06,1.4783434e+00,1.4785920e-10,1.0001682e-10
5.5515500e-06,1.4775382e+00,1.4777867e-10,1.0001682e-10
5.5615500e-06,1.4767185e+00,1.4769668e-10,1.0001682e-10
5.5715500e-06,1.4758842e+00,1.4761324e-10,1.0001682e-10
5.5815500e-06,1.4750353e+00,1.4752833e-10,1.0001682e-10
5.5915500e-06,1.4741718e+00,1.4744197e-10,1.0001682e-10
5.6015500e-06,1.4732938e+00,1.4735416e-10,1.0001682e-10
5.6115500e-06,1.4724013e+00,1.4726489e-10,1.0001682e-10
5.6215500e-06,1.4714942e+00,1.4717417e-10,1.0001682e-10
5.6315500e-06,1.4705726e+00,1.4708199e-10,1.0001682e-10
5.6415500e-06,1.4696365e+00,1.4698837e-10,1.0001682e-10
5.6515500e-06,1.4686859e+00,1.4689329e-10,1.0001682e-10
5.6615500e-06,1.4677208e+00,1.4679676e-10,1.0001682e-10
5.6715500e-06,1.4667412e+00,1.4669879e-10,1.0001682e-10
5.6815500e-06,1.4657472e+00,1.4659936e-10,1.0001682e-10
5.6915500e-06,1.4647386e+00,1.4649849e-10,1.0001682e-10
5.7015500e-06,1.4637156e+00,1.4639618e-10,1.0001682e-10
5.7115500e-06,1.4626782e+00,1.4629242e-10,1.0001682e-10
5.7215500e-06,1.4616263e+00,1.4618721e-10,1.0001682e-10
5.7315500e-06,1.4605600e+00,1.4608056e-10,1.0001682e-10
5.7415500e-06,1.4594793e+00,1.4597248e-10,1.0001682e-10
5.7515500e-06,1.4583842e+00,1.4586295e-10,1.0001682e-10
5.7615500e-06,1.4572747e+00,1.4575198e-10,1.0001682e-10
5.7715500e-06,1.4561508e+00,1.4563957e-10,1.0001682e-10
5.7815500e-06,1.4550125e+00,1.4552572e-10,1.0001682e-10
5.7915500e-06,1.4538599e+00,1.4541044e-10,1.0001682e-10
5.8015500e-06,1.4526929e+00,1.4529372e-10,1.0001682e-10
5.8115500e-06,1.4515116e+00,1.4517557e-10,1.0001682e-10
5.8215500e-06,1.4503160e+00,1.4505599e-10,1.0001682e-10
5.8315500e-06,1.4491060e+00,1.4493497e-10,1.0001682e-10
5.8415500e-06,1.4478818e+00,1.4481253e-10,1.0001682e-10
5.8515500e-06,1.4466432e+00,1.4468865e-10,1.0001682e-10
5.8615500e-06,1.4453904e+00,1.4456335e-10,1.0001682e-10
5.8715500e-06,1.4441233e+00,1.4443662e-10,1.0001682e-10
5.8815500e-06,1.4428420e+00,1.4430846e-10,1.0001682e-10
5.8915500e-06,1.4415464e+00,1.4417888e-10,1.0001682e-10
5.9015500e-06,1.4402366e+00,1.4404788e-10,1.0001682e-10
5.9115500e-06,1.4389126e+00,1.4391545e-10,1.0001682e-10
5.9215500e-06,1.4375743e+00,1.4378161e-10,1.0001682e-10
5.9315500e-06,1.4362219e+00,1.4364635e-10,1.0001682e-10
5.9415500e-06,1.4348553e+00,1.4350966e-10,1.0001682e-10
5.9515500e-06,1.4334746e+00,1.4337157e-10,1.0001682e-10
5.9615500e-06,1.4320797e+00,1.4323205e-10,1.0001682e-10
5.9715500e-06,1.4306707e+00,1.4309113e-10,1.0001682e-10
5.9815500e-06,1.4292475e+00,1.4294879e-10,1.0001682e-10
5.9915500e-06,1.4278102e+00,1.4280504e-10,1.0001682e-10
6.0015500e-06,1.4263589e+00,1.4265988e-10,1.0001682e-10
6.0115500e-06,1.4248935e+00,1.4251331e-10,1.0001682e-10
6.0215500e-06,1.4234140e+00,1.4236534e-10,1.0001682e-10
6.0315500e-06,1.4219204e+00,1.4221596e-10,1.0001682e-10
6.0415500e-06,1.4204129e+00,1.4206517e-10,1.0001682e-10
6.0515500e-06,1.4188913e+00,1.4191299e-10,1.0001682e-10
6.0615500e-06,1.4173557e+00,1.4175940e-10,1.0001682e-10
6.0715500e-06,1.4158061e+00,1.4160442e-10,1.0001682e-10
6.0815500e-06,1.4142425e+00,1.4144804e-10,1.0001682e-10
6.0915500e-06,1.4126650e+00,1.4129026e-10,1.0001682e-10
6.1015500e-06,1.4110736e+00,1.4113109e-10,1.0001682e-10
6.1115500e-06,1.4094682e+00,1.4097052e-10,1.0001682e-10
6.1215500e-06,1.4078489e+00,1.4080857e-10,1.0001682e-10
6.1315500e-06,1.4062157e+00,1.4064522e-10,1.0001682e-10
6.1415500e-06,1.4045686e+00,1.4048048e-10,1.0001682e-10
6.1515500e-06,1.4029077e+00,1.4031436e-10,1.0001682e-10
6.1615500e-06,1.4012329e+00,1.4014686e-10,1.0001682e-10
6.1715500e-06,1.3995443e+00,1.3997797e-10,1.0001682e-10
6.1815500e-06,1.3978419e+00,1.3980770e-10,1.0001682e-10
6.1915500e-06,1.3961257e+00,1.3963605e-10,1.0001682e-10
6.2015500e-06,1.3943957e+00,1.3946302e-10,1.0001682e-10
6.2115500e-06,1.3926519e+00,1.3928861e-10,1.0001682e-10
6.2215500e-06,1.3908944e+00,1.3911283e-10,1.0001682e-10
6.2315500e-06,1.3891232e+00,1.3893568e-10,1.0001682e-10
6.2415500e-06,1.3873382e+00,1.3875716e-10,1.0001682e-10
6.2515500e-06,1.3855396e+00,1.3857726e-10,1.0001682e-10
6.2615500e-06,1.3837273e+00,1.3839600e-10,1.0001682e-10
6.2715500e-06,1.3819013e+00,1.3821338e-10,1.0001682e-10
6.2815500e-06,1.3800617e+00,1.3802938e-10,1.0001682e-10
6.2915500e-06,1.3782085e+00,1.3784403e-10,1.0001682e-10
6.3015500e-06,1.3763417e+00,1.3765732e-10,1.0001682e-10
6.3115500e-06,1.3744613e+00,1.3746924e-10,1.0001682e-10
6.3215500e-06,1.3725673e+00,1.3727981e-10,1.0001682e-10
6.3315500e-06,1.3706598e+00,1.3708903e-10,1.0001682e-10
6.3415500e-06,1.3687387e+00,1.3689689e-10,1.0001682e-10
6.3515500e-06,1.3668042e+00,1.3670340e-10,1.0001682e-10
6.3615500e-06,1.3648561e+00,1.3650857e-10,1.0001682e-10
6.3715500e-06,1.3628946e+00,1.3631238e-10,1.0001682e-10
6.3815500e-06,1.3609196e+00,1.3611485e-10,1.0001682e-10
6.3915500e-06,1.3589312e+00,1.3591598e-10,1.0001682e-10
6.4015500e-06,1.3569294e+00,1.3571576e-10,1.0001682e-10
6.4115500e-06,1.3549142e+00,1.3551421e-10,1.0001682e-10
6.4215500e-06,1.3528856e+00,1.3531132e-10,1.0001682e-10
6.4315500e-06,1.3508437e+00,1.3510709e-10,1.0001682e-10
6.4415500e-06,1.3487884e+00,1.3490153e-10,1.0001682e-10
6.4515500e-06,1.3467199e+00,1.3469464e-10,1.0001682e-10
6.4615500e-06,1.3446380e+00,1.3448641e-10,1.0001682e-10
6.4715500e-06,1.3425429e+00,1.3427687e-10,1.0001682e-10
6.4815500e-06,1.3404345e+00,1.3406599e-10,1.0001682e-10
6.4915500e-06,1.3383129e+00,1.3385379e-10,1.0001682e-10
6.5015500e-06,1.3361780e+00,1.3364027e-10,1.0001682e-10
6.5115500e-06,1.3340300e+00,1.3342544e-10,1.0001682e-10
6.5215500e-06,1.3318688e+00,1.3320928e-10,1.0001682e-10
6.5315500e-06,1.3296945e+00,1.3299181e-10,1.0001682e-10
6.5415500e-06,1.3275071e+00,1.3277303e-10,1.0001682e-10
6.5515500e-06,1.3253065e+00,1.3255294e-10,1.0001682e-10
6.5615500e-06,1.3230929e+00,1.3233154e-10,1.0001682e-10
6.5715500e-06,1.3208662e+00,1.3210883e-10,1.0001682e-10
6.5815500e-06,1.3186265e+00,1.3188482e-10,1.0001682e-10
6.5915500e-06,1.3163737e+00,1.3165951e-10,1.0001682e-10
6.6015500e-06,1.3141080e+00,1.3143290e-10,1.0001682e-10
6.6115500e-06,1.3118293e+00,1.3120499e-10,1.0001682e-10
6.6215500e-06,1.3095376e+00,1.3097579e-10,1.0001682e-10
6.6315500e-06,1.3072331e+00,1.3074529e-10,1.0001682e-10
6.6415500e-06,1.3049156e+00,1.3051351e-10,1.0001682e-10
6.6515500e-06,1.3025852e+00,1.3028043e-10,1.0001682e-10
6.6615500e-06,1.3002420e+00,1.3004607e-10,1.0001682e-10
6.6715500e-06,1.2978860e+00,1.2981043e-10,1.0001682e-10
6.6815500e-06,1.2955171e+00,1.2957350e-10,1.0001682e-10
6.6915500e-06,1.2931355e+00,1.2933530e-10,1.0001682e-10
6.7015500e-06,1.2907411e+00,1.2909582e-10,1.0001682e-10
6.7115500e-06,1.2883339e+00,1.2885506e-10,1.0001682e-10
6.7215500e-06,1.2859141e+00,1.2861304e-10,1.0001682e-10
6.7315500e-06,1.2834815e+00,1.2836974e-10,1.0001682e-10
6.7415500e-06,1.2810363e+00,1.2812518e-10,1.0001682e-10
6.7515500e-06,1.2785785e+00,1.2787935e-10,1.0001682e-10
6.7615500e-06,1.2761080e+00,1.2763226e-10,1.0001682e-10
6.7715500e-06,1.2736249e+00,1.2738391e-10,1.0001682e-10
6.7815500e-06,1.2711293e+00,1.2713430e-10,1.0001682e-10
6.7915500e-06,1.2686211e+00,1.2688344e-10,1.0001682e-10
6.8015500e-06,1.2661004e+00,1.2663133e-10,1.0001682e-10
6.8115500e-06,1.2635672e+00,1.2637797e-10,1.0001682e-10
6.8215500e-06,1.2610215e+00,1.2612336e-10,1.0001682e-10
6.8315500e-06,1.2584634e+00,1.2586750e-10,1.0001682e-10
6.8415500e-06,1.2558928e+00,1.2561040e-10,1.0001682e-10
6.8515500e-06,1.2533099e+00,1.2535207e-10,1.0001682e-10
6.8615500e-06,1.2507146e+00,1.2509249e-10,1.0001682e-10
6.8715500e-06,1.2481069e+00,1.2483168e-10,1.0001682e-10
6.8815500e-06,1.2454869e+00,1.2456964e-10,1.0001682e-10
6.8915500e-06,1.2428547e+00,1.2430637e-10,1.0001682e-10
6.9015500e-06,1.2402102e+00,1.2404188e-10,1.0001682e-10
6.9115500e-06,1.2375534e+00,1.2377615e-10,1.0001682e-10
6.9215500e-06,1.2348844e+00,1.2350921e-10,1.0001682e-10
6.9315500e-06,1.2322032e+00,1.2324105e-10,1.0001682e-10
6.9415500e-06,1.2295099e+00,1.2297167e-10,1.0001682e-10
6.9515500e-06,1.2268044e+00,1.2270108e-10,1.0001682e-10
6.9615500e-06,1.2240869e+00,1.2242927e-10,1.0001682e-10
6.9715500e-06,1.2213572e+00,1.2215626e-10,1.0001682e-10
6.9815500e-06,1.2186155e+00,1.2188205e-10,1.0001682e-10
6.9915500e-06,1.2158618e+00,1.2160663e-10,1.0001682e-10
7.0015500e-06,1.2130960e+00,1.2133001e-10,1.0001682e-10
7.0115500e-06,1.2103183e+00,1.2105219e-10,1.0001682e-10
7.0215500e-06,1.2075287e+00,1.2077317e-10,1.0001682e-10
7.0315500e-06,1.2047271e+00,1.2049297e-10,1.0001682e-10
7.0415500e-06,1.2019136e+00,1.2021158e-10,1.0001682e-10
7.0515500e-06,1.1990883e+00,1.1992900e-10,1.0001682e-10
7.0615500e-06,1.1962511e+00,1.1964523e-10,1.0001682e-10
7.0715500e-06,1.1934022e+00,1.1936029e-10,1.0001682e-10
7.0815500e-06,1.1905414e+00,1.1907417e-10,1.0001682e-10
7.0915500e-06,1.1876689e+00,1.1878687e-10,1.0001682e-10
7.1015500e-06,1.1847847e+00,1.1849840e-10,1.0001682e-10
7.1115500e-06,1.1818888e+00,1.1820876e-10,1.0001682e-10
7.1215500e-06,1.1789812e+00,1.1791795e-10,1.0001682e-10
7.1315500e-06,1.1760620e+00,1.1762598e-10,1.0001682e-10
7.1415500e-06,1.1731312e+00,1.1733285e-10,1.0001682e-10
7.1515500e-06,1.1701888e+00,1.1703856e-10,1.0001682e-10
7.1615500e-06,1.1672348e+00,1.1674312e-10,1.0001682e-10
7.1715500e-06,1.1642694e+00,1.1644652e-10,1.0001682e-10
7.1815500e-06,1.1612924e+00,1.1614877e-10,1.0001682e-10
7.1915500e-06,1.1583040e+00,1.1584988e-10,1.0001682e-10
7.2015500e-06,1.1553041e+00,1.1554985e-10,1.0001682e-10
7.2115500e-06,1.1522929e+00,1.1524867e-10,1.0001682e-10
7.2215500e-06,1.1492703e+00,1.1494636e-10,1.0001682e-10
7.2315500e-06,1.1462363e+00,1.1464291e-10,1.0001682e-10
7.2415500e-06,1.1431910e+00,1.1433833e-10,1.0001682e-10
7.2515500e-06,1.1401344e+00,1.1403262e-10,1.0001682e-10
7.2615500e-06,1.1370666e+00,1.1372579e-10,1.0001682e-10
7.2715500e-06,1.1339876e+00,1.1341783e-10,1.0001682e-10
7.2815500e-06,1.1308974e+00,1.1310876e-10,1.0001682e-10
7.2915500e-06,1.1277960e+00,1.1279857e-10,1.0001682e-10
7.3015500e-06,1.1246834e+00,1.1248726e-10,1.0001682e-10
7.3115500e-06,1.1215598e+00,1.1217485e-10,1.0001682e-10
7.3215500e-06,1.1184251e+00,1.1186132e-10,1.0001682e-10
7.3315500e-06,1.1152794e+00,1.1154670e-10,1.0001682e-10
7.3415500e-06,1.1121226e+00,1.1123097e-10,1.0001682e-10
7.3515500e-06,1.1089549e+00,1.1091415e-10,1.0001682e-10
7.3615500e-06,1.1057763e+00,1.1059623e-10,1.0001682e-10
7.3715500e-06,1.1025867e+00,1.1027721e-10,1.0001682e-10
7.3815500e-06,1.0993862e+00,1.0995712e-10,1.0001682e-10
7.3915500e-06,1.0961749e+00,1.0963593e-10,1.0001682e-10
7.4015500e-06,1.0929528e+00,1.0931366e-10,1.0001682e-10
7.4115500e-06,1.0897199e+00,1.0899032e-10,1.0001682e-10
7.4215500e-06,1.0864762e+00,1.0866590e-10,1.0001682e-10
7.4315500e-06,1.0832218e+00,1.0834040e-10,1.0001682e-10
7.4415500e-06,1.0799568e+00,1.0801384e-10,1.0001682e-10
7.4515500e-06,1.0766810e+00,1.0768621e-10,1.0001682e-10
7.4615500e-06,1.0733946e+00,1.0735752e-10,1.0001682e-10
7.4715500e-06,1.0700977e+00,1.0702777e-10,1.0001682e-10
7.4815500e-06,1.0667902e+00,1.0669696e-10,1.0001682e-10
7.4915500e-06,1.0634721e+00,1.0636510e-10,1.0001682e-10
7.5015500e-06,1.0601436e+00,1.0603219e-10,1.0001682e-10
7.5115500e-06,1.0568046e+00,1.0569823e-10,1.0001682e-10
7.5215500e-06,1.0534551e+00,1.0536323e-10,1.0001682e-10
7.5315500e-06,1.0500953e+00,1.0502719e-10,1.0001682e-10
7.5415500e-06,1.0467251e+00,1.0469011e-10,1.0001682e-10
7.5515500e-06,1.0433445e+00,1.0435200e-10,1.0001682e-10
7.5615500e-06,1.0399537e+00,1.0401286e-10,1.0001682e-10
7.5715500e-06,1.0365526e+00,1.0367270e-10,1.0001682e-10
7.5815500e-06,1.0331413e+00,1.0333151e-10,1.0001682e-10
7.5915500e-06,1.0297198e+00,1.0298930e-10,1.0001682e-10
7.6015500e-06,1.0262881e+00,1.0264607e-10,1.0001682e-10
7.6115500e-06,1.0228463e+00,1.0230183e-10,1.0001682e-10
7.6215500e-06,1.0193944e+00,1.0195658e-10,1.0001682e-10
7.6315500e-06,1.0159324e+00,1.0161033e-10,1.0001682e-10
7.6415500e-06,1.0124604e+00,1.0126307e-10,1.0001682e-10
7.6515500e-06,1.0089784e+00,1.0091481e-10,1.0001682e-10
7.6615500e-06,1.0054865e+00,1.0056556e-10,1.0001682e-10
7.6715500e-06,1.0019846e+00,1.0021531e-10,1.0001682e-10
7.6815500e-06,9.9847283e-01,9.9864078e-11,1.0001682e-10
7.6915500e-06,9.9495122e-01,9.9511857e-11,1.0001682e-10
7.7015500e-06,9.9141978e-01,9.9158654e-11,1.0001682e-10
7.7115500e-06,9.8787857e-01,9.8804473e-11,1.0001682e-10
7.7215500e-06,9.8432760e-01,9.8449316e-11,1.0001682e-10
7.7315500e-06,9.8076691e-01,9.8093188e-11,1.0001682e-10
7.7415500e-06,9.7719655e-01,9.7736091e-11,1.0001682e-10
7.7515500e-06,9.7361654e-01,9.7378030e-11,1.0001682e-10
7.7615500e-06,9.7002692e-01,9.7019008e-11,1.0001682e-10
7.7715500e-06,9.6642773e-01,9.6659029e-11,1.0001682e-10
7.7815500e-06,9.6281900e-01,9.6298095e-11,1.0001682e-10
7.7915500e-06,9.5920077e-01,9.5936211e-11,1.0001682e-10
7.8015500e-06,9.5557307e-01,9.5573380e-11,1.0001682e-10
7.8115500e-06,9.5193594e-01,9.5209606e-11,1.0001682e-10
7.8215500e-06,9.4828942e-01,9.4844892e-11,1.0001682e-10
7.8315500e-06,9.4463353e-01,9.4479242e-11,1.0001682e-10
7.8415500e-06,9.4096833e-01,9.4112660e-11,1.0001682e-10
7.8515500e-06,9.3729383e-01,9.3745149e-11,1.0001682e-10
7.8615500e-06,9.3361009e-01,9.3376712e-11,1.0001682e-10
7.8715500e-06,9.2991713e-01,9.3007354e-11,1.0001682e-10
7.8815500e-06,9.2621499e-01,9.2637078e-11,1.0001682e-10
7.8915500e-06,9.2250371e-01,9.2265888e-11,1.0001682e-10
7.9015500e-06,9.1878333e-01,9.1893787e-11,1.0001682e-10
7.9115500e-06,9.1505387e-01,9.1520779e-11,1.0001682e-10
7.9215500e-06,9.1131539e-01,9.1146868e-11,1.0001682e-10
7.9315500e-06,9.0756791e-01,9.0772057e-11,1.0001682e-10
7.9415500e-06,9.0381148e-01,9.0396350e-11,1.0001682e-10
7.9515500e-06,9.0004613e-01,9.0019752e-11,1.0001682e-10
7.9615500e-06,8.9627189e-01,8.9642264e-11,1.0001682e-10
7.9715500e-06,8.9248880e-01,8.9263892e-11,1.0001682e-10
7.9815500e-06,8.8869691e-01,8.8884639e-11,1.0001682e-10
7.9915500e-06,8.8489625e-01,8.8504509e-11,1.0001682e-10
8.0015500e-06,8.8108685e-01,8.8123505e-11,1.0001682e-10
8.0115500e-06,8.7726876e-01,8.7741632e-11,1.0001682e-10
8.0215500e-06,8.7344201e-01,8.7358892e-11,1.0001682e-10
8.0315500e-06,8.6960664e-01,8.6975291e-11,1.0001682e-10
8.0415500e-06,8.6576268e-01,8.6590831e-11,1.0001682e-10
8.0515500e-06,8.6191018e-01,8.6205516e-11,1.0001682e-10
8.0615500e-06,8.5804918e-01,8.5819350e-11,1.0001682e-10
8.0715500e-06,8.5417970e-01,8.5432338e-11,1.0001682e-10
8.0815500e-06,8.5030180e-01,8.5044482e-11,1.0001682e-10
8.0915500e-06,8.4641550e-01,8.4655787e-11,1.0001682e-10
8.1015500e-06,8.4252085e-01,8.4266256e-11,1.0001682e-10
8.1115500e-06,8.3861788e-01,8.3875894e-11,1.0001682e-10
8.1215500e-06,8.3470664e-01,8.3484704e-11,1.0001682e-10
8.1315500e-06,8.3078716e-01,8.3092690e-11,1.0001682e-10
8.1415500e-06,8.2685948e-01,8.2699856e-11,1.0001682e-10
8.1515500e-06,8.2292364e-01,8.2306206e-11,1.0001682e-10
8.1615500e-06,8.1897968e-01,8.1911743e-11,1.0001682e-10
8.1715500e-06,8.1502763e-01,8.1516472e-11,1.0001682e-10
8.1815500e-06,8.1106754e-01,8.1120396e-11,1.0001682e-10
8.1915500e-06,8.0709944e-01,8.0723520e-11,1.0001682e-10
8.2015500e-06,8.0312338e-01,8.0325847e-11,1.0001682e-10
8.2115500e-06,7.9913940e-01,7.9927381e-11,1.0001682e-10
8.2215500e-06,7.9514752e-01,7.9528127e-11,1.0001682e-10
8.2315500e-06,7.9114780e-01,7.9128087e-11,1.0001682e-10
8.2415500e-06,7.8714027e-01,7.8727267e-11,1.0001682e-10
8.2515500e-06,7.8312497e-01,7.8325669e-11,1.0001682e-10
8.2615500e-06,7.7910194e-01,7.7923299e-11,1.0001682e-10
8.2715500e-06,7.7507122e-01,7.7520159e-11,1.0001682e-10
8.2815500e-06,7.7103285e-01,7.7116254e-11,1.0001682e-10
8.2915500e-06,7.6698688e-01,7.6711589e-11,1.0001682e-10
8.3015500e-06,7.6293333e-01,7.6306166e-11,1.0001682e-10
8.3115500e-06,7.5887225e-01,7.5899990e-11,1.0001682e-10
8.3215500e-06,7.5480369e-01,7.5493065e-11,1.0001682e-10
8.3315500e-06,7.5072767e-01,7.5085394e-11,1.0001682e-10
8.3415500e-06,7.4664424e-01,7.4676983e-11,1.0001682e-10
8.3515500e-06,7.4255345e-01,7.4267835e-11,1.0001682e-10
8.3615500e-06,7.3845532e-01,7.3857954e-11,1.0001682e-10
8.3715500e-06,7.3434991e-01,7.3447343e-11,1.0001682e-10
8.3815500e-06,7.3023725e-01,7.3036008e-11,1.0001682e-10
8.3915500e-06,7.2611739e-01,7.2623952e-11,1.0001682e-10
8.4015500e-06,7.2199035e-01,7.2211179e-11,1.0001682e-10
8.4115500e-06,7.1785619e-01,7.1797694e-11,1.0001682e-10
8.4215500e-06,7.1371495e-01,7.1383500e-11,1.0001682e-10
8.4315500e-06,7.0956666e-01,7.0968601e-11,1.0001682e-10
8.4415500e-06,7.0541137e-01,7.0553002e-11,1.0001682e-10
8.4515500e-06,7.0124912e-01,7.0136707e-11,1.0001682e-10
8.4615500e-06,6.9707994e-01,6.9719719e-11,1.0001682e-10
8.4715500e-06,6.9290389e-01,6.9302044e-11,1.0001682e-10
8.4815500e-06,6.8872100e-01,6.8883684e-11,1.0001682e-10
8.4915500e-06,6.8453131e-01,6.8464645e-11,1.0001682e-10
8.5015500e-06,6.8033486e-01,6.8044929e-11,1.0001682e-10
8.5115500e-06,6.7613170e-01,6.7624543e-11,1.0001682e-10
8.5215500e-06,6.7192186e-01,6.7203488e-11,1.0001682e-10
8.5315500e-06,6.6770540e-01,6.6781771e-11,1.0001682e-10
8.5415500e-06,6.6348234e-01,6.6359394e-11,1.0001682e-10
8.5515500e-06,6.5925274e-01,6.5936363e-11,1.0001682e-10
8.5615500e-06,6.5501663e-01,6.5512680e-11,1.0001682e-10
8.5715500e-06,6.5077405e-01,6.5088352e-11,1.0001682e-10
8.5815500e-06,6.4652505e-01,6.4663380e-11,1.0001682e-10
8.5915500e-06,6.4226968e-01,6.4237771e-11,1.0001682e-10
8.6015500e-06,6.3800796e-01,6.3811527e-11,1.0001682e-10
8.6115500e-06,6.3373994e-01,6.3384654e-11,1.0001682e-10
8.6215500e-06,6.2946567e-01,6.2957155e-11,1.0001682e-10
8.6315500e-06,6.2518519e-01,6.2529035e-11,1.0001682e-10
8.6415500e-06,6.2089854e-01,6.2100297e-11,1.0001682e-10
8.6515500e-06,6.1660576e-01,6.1670947e-11,1.0001682e-10
8.6615500e-06,6.1230689e-01,6.1240988e-11,1.0001682e-10
8.6715500e-06,6.0800198e-01,6.0810425e-11,1.0001682e-10
8.6815500e-06,6.0369107e-01,6.0379261e-11,1.0001682e-10
8.6915500e-06,5.9937420e-01,5.9947502e-11,1.0001682e-10
8.7015500e-06,5.9505142e-01,5.9515151e-11,1.0001682e-10
8.7115500e-06,5.9072276e-01,5.9082212e-11,1.0001682e-10
8.7215500e-06,5.8638827e-01,5.8648691e-11,1.0001682e-10
8.7315500e-06,5.8204800e-01,5.8214590e-11,1.0001682e-10
8.7415500e-06,5.7770198e-01,5.7779915e-11,1.0001682e-10
8.7515500e-06,5.7335026e-01,5.7344670e-11,1.0001682e-10
8.7615500e-06,5.6899288e-01,5.6908859e-11,1.0001682e-10
8.7715500e-06,5.6462989e-01,5.6472486e-11,1.0001682e-10
8.7815500e-06,5.6026132e-01,5.6035555e-11,1.0001682e-10
8.7915500e-06,5.5588722e-01,5.5598072e-11,1.0001682e-10
8.8015500e-06,5.5150764e-01,5.5160040e-11,1.0001682e-10
8.8115500e-06,5.4712261e-01,5.4721464e-11,1.0001682e-10
8.8215500e-06,5.4273218e-01,5.4282347e-11,1.0001682e-10
8.8315500e-06,5.3833640e-01,5.3842695e-11,1.0001682e-10
8.8415500e-06,5.3393530e-01,5.3402511e-11,1.0001682e-10
8.8515500e-06,5.2952894e-01,5.2961800e-11,1.0001682e-10
8.8615500e-06,5.2511734e-01,5.2520567e-11,1.0001682e-10
8.8715500e-06,5.2070057e-01,5.2078815e-11,1.0001682e-10
8.8815500e-06,5.1627865e-01,5.1636549e-11,1.0001682e-10
8.8915500e-06,5.1185164e-01,5.1193774e-11,1.0001682e-10
8.9015500e-06,5.0741958e-01,5.0750493e-11,1.0001682e-10
8.9115500e-06,5.0298251e-01,5.0306712e-11,1.0001682e-10
8.9215500e-06,4.9854048e-01,4.9862433e-11,1.0001682e-10
8.9315500e-06,4.9409352e-01,4.9417663e-11,1.0001682e-10
8.9415500e-06,4.8964169e-01,4.8972405e-11,1.0001682e-10
8.9515500e-06,4.8518503e-01,4.8526664e-11,1.0001682e-10
8.9615500e-06,4.8072358e-01,4.8080444e-11,1.0001682e-10
8.9715500e-06,4.7625738e-01,4.7633749e-11,1.0001682e-10
8.9815500e-06,4.7178648e-01,4.7186584e-11,1.0001682e-10
8.9915500e-06,4.6731093e-01,4.6738953e-11,1.0001682e-10
9.0015500e-06,4.6283077e-01,4.6290862e-11,1.0001682e-10
9.0115500e-06,4.5834603e-01,4.5842313e-11,1.0001682e-10
9.0215500e-06,4.5385678e-01,4.5393312e-11,1.0001682e-10
9.0315500e-06,4.4936304e-01,4.4943862e-11,1.0001682e-10
9.0415500e-06,4.4486487e-01,4.4493969e-11,1.0001682e-10
9.0515500e-06,4.4036230e-01,4.4043638e-11,1.0001682e-10
9.0615500e-06,4.3585540e-01,4.3592871e-11,1.0001682e-10
9.0715500e-06,4.3134419e-01,4.3141674e-11,1.0001682e-10
9.0815500e-06,4.2682872e-01,4.2690051e-11,1.0001682e-10
9.0915500e-06,4.2230904e-01,4.2238007e-11,1.0001682e-10
9.1015500e-06,4.1778519e-01,4.1785546e-11,1.0001682e-10
9.1115500e-06,4.1325722e-01,4.1332673e-11,1.0001682e-10
9.1215500e-06,4.0872517e-01,4.0879392e-11,1.0001682e-10
9.1315500e-06,4.0418909e-01,4.0425707e-11,1.0001682e-10
9.1415500e-06,3.9964901e-01,3.9971624e-11,1.0001682e-10
9.1515500e-06,3.9510500e-01,3.9517145e-11,1.0001682e-10
9.1615500e-06,3.9055708e-01,3.9062277e-11,1.0001682e-10
9.1715500e-06,3.8600531e-01,3.8607023e-11,1.0001682e-10
9.1815500e-06,3.8144973e-01,3.8151389e-11,1.0001682e-10
9.1915500e-06,3.7689038e-01,3.7695377e-11,1.0001682e-10
9.2015500e-06,3.7232731e-01,3.7238994e-11,1.0001682e-10
9.2115500e-06,3.6776057e-01,3.6782243e-11,1.0001682e-10
9.2215500e-06,3.6319020e-01,3.6325129e-11,1.0001682e-10
9.2315500e-06,3.5861625e-01,3.5867657e-11,1.0001682e-10
9.2415500e-06,3.5403875e-01,3.5409830e-11,1.0001682e-10
9.2515500e-06,3.4945777e-01,3.4951655e-11,1.0001682e-10
9.2615500e-06,3.4487333e-01,3.4493134e-11,1.0001682e-10
9.2715500e-06,3.4028549e-01,3.4034272e-11,1.0001682e-10
9.2815500e-06,3.3569429e-01,3.3575075e-11,1.0001682e-10
9.2915500e-06,3.3109977e-01,3.3115547e-11,1.0001682e-10
9.3015500e-06,3.2650199e-01,3.2655691e-11,1.0001682e-10
9.3115500e-06,3.2190099e-01,3.2195514e-11,1.0001682e-10
9.3215500e-06,3.1729681e-01,3.1735018e-11,1.0001682e-10
9.3315500e-06,3.1268950e-01,3.1274209e-11,1.0001682e-10
9.3415500e-06,3.0807910e-01,3.0813092e-11,1.0001682e-10
9.3515500e-06,3.0346566e-01,3.0351671e-11,1.0001682e-10
9.3615500e-06,2.9884923e-01,2.9889950e-11,1.0001682e-10
9.3715500e-06,2.9422985e-01,2.9427934e-11,1.0001682e-10
9.3815500e-06,2.8960756e-01,2.8965627e-11,1.0001682e-10
9.3915500e-06,2.8498241e-01,2.8503035e-11,1.0001682e-10
9.4015500e-06,2.8035446e-01,2.8040161e-11,1.0001682e-10
9.4115500e-06,2.7572373e-01,2.7577011e-11,1.0001682e-10
9.4215500e-06,2.7109028e-01,2.7113588e-11,1.0001682e-10
9.4315500e-06,2.6645416e-01,2.6649898e-11,1.0001682e-10
9.4415500e-06,2.6181541e-01,2.6185945e-11,1.0001682e-10
9.4515500e-06,2.5717408e-01,2.5721733e-11,1.0001682e-10
9.4615500e-06,2.5253020e-01,2.5257268e-11,1.0001682e-10
9.4715500e-06,2.4788384e-01,2.4792553e-11,1.0001682e-10
9.4815500e-06,2.4323502e-01,2.4327594e-11,1.0001682e-10
9.4915500e-06,2.3858381e-01,2.3862394e-11,1.0001682e-10
9.5015500e-06,2.3393024e-01,2.3396959e-11,1.0001682e-10
9.5115500e-06,2.2927437e-01,2.2931293e-11,1.0001682e-10
9.5215500e-06,2.2461623e-01,2.2465401e-11,1.0001682e-10
9.5315500e-06,2.1995587e-01,2.1999287e-11,1.0001682e-10
9.5415500e-06,2.1529334e-01,2.1532955e-11,1.0001682e-10
9.5515500e-06,2.1062869e-01,2.1066412e-11,1.0001682e-10
9.5615500e-06,2.0596196e-01,2.0599660e-11,1.0001682e-10
9.5715500e-06,2.0129319e-01,2.0132705e-11,1.0001682e-10
9.5815500e-06,1.9662244e-01,1.9665552e-11,1.0001682e-10
9.5915500e-06,1.9194975e-01,1.9198204e-11,1.0001682e-10
9.6015500e-06,1.8727517e-01,1.8730667e-11,1.0001682e-10
9.6115500e-06,1.8259873e-01,1.8262945e-11,1.0001682e-10
9.6215500e-06,1.7792050e-01,1.7795042e-11,1.0001682e-10
9.6315500e-06,1.7324051e-01,1.7326964e-11,1.0001682e-10
9.6415500e-06,1.6855880e-01,1.6858716e-11,1.0001682e-10
9.6515500e-06,1.6387544e-01,1.6390300e-11,1.0001682e-10
9.6615500e-06,1.5919046e-01,1.5921723e-11,1.0001682e-10
9.6715500e-06,1.5450390e-01,1.5452989e-11,1.0001682e-10
9.6815500e-06,1.4981582e-01,1.4984102e-11,1.0001682e-10
9.6915500e-06,1.4512626e-01,1.4515068e-11,1.0001682e-10
9.7015500e-06,1.4043527e-01,1.4045890e-11,1.0001682e-10
9.7115500e-06,1.3574290e-01,1.3576573e-11,1.0001682e-10
9.7215500e-06,1.3104918e-01,1.3107123e-11,1.0001682e-10
9.7315500e-06,1.2635417e-01,1.2637543e-11,1.0001682e-10
9.7415500e-06,1.2165792e-01,1.2167838e-11,1.0001682e-10
9.7515500e-06,1.1696046e-01,1.1698013e-11,1.0001682e-10
9.7615500e-06,1.1226185e-01,1.1228073e-11,1.0001682e-10
9.7715500e-06,1.0756213e-01,1.0758022e-11,1.0001682e-10
9.7815500e-06,1.0286135e-01,1.0287865e-11,1.0001682e-10
9.7915500e-06,9.8159554e-02,9.8176065e-12,1.0001682e-10
9.8015500e-06,9.3456789e-02,9.3472509e-12,1.0001682e-10
9.8115500e-06,8.8753102e-02,8.8768031e-12,1.0001682e-10
9.8215500e-06,8.4048539e-02,8.4062676e-12,1.0001682e-10
9.8315500e-06,7.9343146e-02,7.9356492e-12,1.0001682e-10
9.8415500e-06,7.4636971e-02,7.4649525e-12,1.0001682e-10
9.8515500e-06,6.9930058e-02,6.9941821e-12,1.0001682e-10
9.8615500e-06,6.5222456e-02,6.5233426e-12,1.0001682e-10
9.8715500e-06,6.0514210e-02,6.0524388e-12,1.0001682e-10
9.8815500e-06,5.5805366e-02,5.5814753e-12,1.0001682e-10
9.8915500e-06,5.1095972e-02,5.1104566e-12,1.0001682e-10
9.9015500e-06,4.6386073e-02,4.6393875e-12,1.0001682e-10
9.9115500e-06,4.1675717e-02,4.1682727e-12,1.0001682e-10
9.9215500e-06,3.6964949e-02,3.6971167e-12,1.0001682e-10
9.9315500e-06,3.2253817e-02,3.2259242e-12,1.0001682e-10
9.9415500e-06,2.7542366e-02,2.7546998e-12,1.0001682e-10
9.9515500e-06,2.2830643e-02,2.2834483e-12,1.0001682e-10
9.9615500e-06,1.8118695e-02,1.8121743e-12,1.0001682e-10
9.9715500e-06,1.3406568e-02,1.3408823e-12,1.0001682e-10
9.9815500e-06,8.6943090e-03,8.6957714e-13,1.0001682e-10
9.9915500e-06,3.9819640e-03,3.9826338e-13,1.0001682e-10
1.0001550e-05,-7.3042026e-04,-7.3054312e-14,1.0001682e-10
1.0011550e-05,-5.4427973e-03,-5.4437128e-13,1.0001682e-10
1.0021550e-05,-1.0155121e-02,-1.0156829e-12,1.0001682e-10
1.0031550e-05,-1.4867344e-02,-1.4869845e-12,1.0001682e-10
1.0041550e-05,-1.9579420e-02,-1.9582713e-12,1.0001682e-10
1.0051550e-05,-2.4291303e-02,-2.4295389e-12,1.0001682e-10
1.0061550e-05,-2.9002947e-02,-2.9007825e-12,1.0001682e-10
1.0071550e-05,-3.3714304e-02,-3.3719975e-12,1.0001682e-10
1.0081550e-05,-3.8425328e-02,-3.8431792e-12,1.0001682e-10
1.0091550e-05,-4.3135973e-02,-4.3143229e-12,1.0001682e-10
1.0101550e-05,-4.7846193e-02,-4.7854241e-12,1.0001682e-10
1.0111550e-05,-5.2555940e-02,-5.2564780e-12,1.0001682e-10
1.0121550e-05,-5.7265169e-02,-5.7274801e-12,1.0001682e-10
1.0131550e-05,-6.1973832e-02,-6.1984256e-12,1.0001682e-10
1.0141550e-05,-6.6681884e-02,-6.6693100e-12,1.0001682e-10
1.0151550e-05,-7.1389277e-02,-7.1401285e-12,1.0001682e-10
1.0161550e-05,-7.6095966e-02,-7.6108766e-12,1.0001682e-10
1.0171550e-05,-8.0801904e-02,-8.0815495e-12,1.0001682e-10
1.0181550e-05,-8.5507044e-02,-8.5521427e-12,1.0001682e-10
1.0191550e-05,-9.0211341e-02,-9.0226515e-12,1.0001682e-10
1.0201550e-05,-9.4914747e-02,-9.4930712e-12,1.0001682e-10
1.0211550e-05,-9.9617216e-02,-9.9633972e-12,1.0001682e-10
1.0221550e-05,-1.0431870e-01,-1.0433625e-11,1.0001682e-10
1.0231550e-05,-1.0901916e-01,-1.0903750e-11,1.0001682e-10
1.0241550e-05,-1.1371854e-01,-1.1373767e-11,1.0001682e-10
1.0251550e-05,-1.1841680e-01,-1.1843672e-11,1.0001682e-10
1.0261550e-05,-1.2311389e-01,-1.2313460e-11,1.0001682e-10
1.0271550e-05,-1.2780976e-01,-1.2783126e-11,1.0001682e-10
1.0281550e-05,-1.3250438e-01,-1.3252666e-11,1.0001682e-10
1.0291550e-05,-1.3719768e-01,-1.3722076e-11,1.0001682e-10
1.0301550e-05,-1.4188963e-01,-1.4191350e-11,1.0001682e-10
1.0311550e-05,-1.4658018e-01,-1.4660484e-11,1.0001682e-10
1.0321550e-05,-1.5126929e-01,-1.5129473e-11,1.0001682e-10
1.0331550e-05,-1.5595690e-01,-1.5598313e-11,1.0001682e-10
1.0341550e-05,-1.6064297e-01,-1.6066999e-11,1.0001682e-10
1.0351550e-05,-1.6532746e-01,-1.6535526e-11,1.0001682e-10
1.0361550e-05,-1.7001031e-01,-1.7003891e-11,1.0001682e-10
1.0371550e-05,-1.7469149e-01,-1.7472087e-11,1.0001682e-10
1.0381550e-05,-1.7937094e-01,-1.7940111e-11,1.0001682e-10
1.0391550e-05,-1.8404862e-01,-1.8407958e-11,1.0001682e-10
1.0401550e-05,-1.8872449e-01,-1.8875623e-11,1.0001682e-10
1.0411550e-05,-1.9339849e-01,-1.9343102e-11,1.0001682e-10
1.0421550e-05,-1.9807059e-01,-1.9810390e-11,1.0001682e-10
1.0431550e-05,-2.0274073e-01,-2.0277483e-11,1.0001682e-10
1.0441550e-05,-2.0740886e-01,-2.0744375e-11,1.0001682e-10
1.0451550e-05,-2.1207496e-01,-2.1211063e-11,1.0001682e-10
1.0461550e-05,-2.1673895e-01,-2.1677541e-11,1.0001682e-10
1.0471550e-05,-2.2140081e-01,-2.2143805e-11,1.0001682e-10
1.0481550e-05,-2.2606049e-01,-2.2609851e-11,1.0001682e-10
1.0491550e-05,-2.3071793e-01,-2.3075674e-11,1.0001682e-10
1.0501550e-05,-2.3537310e-01,-2.3541269e-11,1.0001682e-10
1.0511550e-05,-2.4002594e-01,-2.4006631e-11,1.0001682e-10
1.0521550e-05,-2.4467641e-01,-2.4471757e-11,1.0001682e-10
1.0531550e-05,-2.4932447e-01,-2.4936641e-11,1.0001682e-10
1.0541550e-05,-2.5397007e-01,-2.5401279e-11,1.0001682e-10
1.0551550e-05,-2.5861316e-01,-2.5865666e-11,1.0001682e-10
1.0561550e-05,-2.6325370e-01,-2.6329798e-11,1.0001682e-10
1.0571550e-05,-2.6789164e-01,-2.6793670e-11,1.0001682e-10
1.0581550e-05,-2.7252694e-01,-2.7257278e-11,1.0001682e-10
1.0591550e-05,-2.7715955e-01,-2.7720617e-11,1.0001682e-10
1.0601550e-05,-2.8178942e-01,-2.8183682e-11,1.0001682e-10
1.0611550e-05,-2.8641651e-01,-2.8646469e-11,1.0001682e-10
1.0621550e-05,-2.9104078e-01,-2.9108973e-11,1.0001682e-10
1.0631550e-05,-2.9566217e-01,-2.9571190e-11,1.0001682e-10
1.0641550e-05,-3.0028064e-01,-3.0033115e-11,1.0001682e-10
1.0651550e-05,-3.0489615e-01,-3.0494744e-11,1.0001682e-10
1.0661550e-05,-3.0950865e-01,-3.0956071e-11,1.0001682e-10
1.0671550e-05,-3.1411810e-01,-3.1417093e-11,1.0001682e-10
1.0681550e-05,-3.1872444e-01,-3.1877805e-11,1.0001682e-10
1.0691550e-05,-3.2332764e-01,-3.2338203e-11,1.0001682e-10
1.0701550e-05,-3.2792765e-01,-3.2798281e-11,1.0001682e-10
1.0711550e-05,-3.3252443e-01,-3.3258036e-11,1.0001682e-10
1.0721550e-05,-3.3711792e-01,-3.3717462e-11,1.0001682e-10
1.0731550e-05,-3.4170808e-01,-3.4176556e-11,1.0001682e-10
1.0741550e-05,-3.4629487e-01,-3.4635312e-11,1.0001682e-10
1.0751550e-05,-3.5087824e-01,-3.5093726e-11,1.0001682e-10
1.0761550e-05,-3.5545815e-01,-3.5551794e-11,1.0001682e-10
1.0771550e-05,-3.6003455e-01,-3.6009511e-11,1.0001682e-10
1.0781550e-05,-3.6460740e-01,-3.6466873e-11,1.0001682e-10
1.0791550e-05,-3.6917665e-01,-3.6923875e-11,1.0001682e-10
1.0801550e-05,-3.7374226e-01,-3.7380512e-11,1.0001682e-10
1.0811550e-05,-3.7830418e-01,-3.7836781e-11,1.0001682e-10
1.0821550e-05,-3.8286236e-01,-3.8292676e-11,1.0001682e-10
1.0831550e-05,-3.8741677e-01,-3.8748193e-11,1.0001682e-10
1.0841550e-05,-3.9196735e-01,-3.9203328e-11,1.0001682e-10
1.0851550e-05,-3.9651406e-01,-3.9658076e-11,1.0001682e-10
1.0861550e-05,-4.0105686e-01,-4.0112432e-11,1.0001682e-10
1.0871550e-05,-4.0559570e-01,-4.0566392e-11,1.0001682e-10
1.0881550e-05,-4.1013054e-01,-4.1019952e-11,1.0001682e-10
1.0891550e-05,-4.1466133e-01,-4.1473108e-11,1.0001682e-10
1.0901550e-05,-4.1918803e-01,-4.1925854e-11,1.0001682e-10
1.0911550e-05,-4.2371059e-01,-4.2378186e-11,1.0001682e-10
1.0921550e-05,-4.2822897e-01,-4.2830100e-11,1.0001682e-10
1.0931550e-05,-4.3274312e-01,-4.3281591e-11,1.0001682e-10
1.0941550e-05,-4.3725300e-01,-4.3732655e-11,1.0001682e-10
1.0951550e-05,-4.4175857e-01,-4.4183287e-11,1.0001682e-10
1.0961550e-05,-4.4625977e-01,-4.4633483e-11,1.0001682e-10
1.0971550e-05,-4.5075657e-01,-4.5083239e-11,1.0001682e-10
1.0981550e-05,-4.5524893e-01,-4.5532550e-11,1.0001682e-10
1.0991550e-05,-4.5973679e-01,-4.5981411e-11,1.0001682e-10
1.1001550e-05,-4.6422011e-01,-4.6429819e-11,1.0001682e-10
1.1011550e-05,-4.6869885e-01,-4.6877768e-11,1.0001682e-10
1.1021550e-05,-4.7317296e-01,-4.7325255e-11,1.0001682e-10
1.1031550e-05,-4.7764241e-01,-4.7772275e-11,1.0001682e-10
1.1041550e-05,-4.8210714e-01,-4.8218823e-11,1.0001682e-10
1.1051550e-05,-4.8656711e-01,-4.8664895e-11,1.0001682e-10
1.1061550e-05,-4.9102228e-01,-4.9110487e-11,1.0001682e-10
1.1071550e-05,-4.9547260e-01,-4.9555594e-11,1.0001682e-10
1.1081550e-05,-4.9991804e-01,-5.0000212e-11,1.0001682e-10
1.1091550e-05,-5.0435854e-01,-5.0444337e-11,1.0001682e-10
1.1101550e-05,-5.0879406e-01,-5.0887964e-11,1.0001682e-10
1.1111550e-05,-5.1322456e-01,-5.1331088e-11,1.0001682e-10
1.1121550e-05,-5.1764999e-01,-5.1773706e-11,1.0001682e-10
1.1131550e-05,-5.2207032e-01,-5.2215813e-11,1.0001682e-10
1.1141550e-05,-5.2648549e-01,-5.2657405e-11,1.0001682e-10
1.1151550e-05,-5.3089547e-01,-5.3098477e-11,1.0001682e-10
1.1161550e-05,-5.3530021e-01,-5.3539025e-11,1.0001682e-10
1.1171550e-05,-5.3969966e-01,-5.3979044e-11,1.0001682e-10
1.1181550e-05,-5.4409379e-01,-5.4418531e-11,1.0001682e-10
1.1191550e-05,-5.4848255e-01,-5.4857480e-11,1.0001682e-10
1.1201550e-05,-5.5286589e-01,-5.5295888e-11,1.0001682e-10
1.1211550e-05,-5.5724378e-01,-5.5733751e-11,1.0001682e-10
1.1221550e-05,-5.6161617e-01,-5.6171063e-11,1.0001682e-10
1.1231550e-05,-5.6598301e-01,-5.6607821e-11,1.0001682e-10
1.1241550e-05,-5.7034427e-01,-5.7044020e-11,1.0001682e-10
1.1251550e-05,-5.7469990e-01,-5.7479657e-11,1.0001682e-10
1.1261550e-05,-5.7904986e-01,-5.7914726e-11,1.0001682e-10
1.1271550e-05,-5.8339410e-01,-5.8349223e-11,1.0001682e-10
1.1281550e-05,-5.8773259e-01,-5.8783144e-11,1.0001682e-10
1.1291550e-05,-5.9206527e-01,-5.9216486e-11,1.0001682e-10
1.1301550e-05,-5.9639211e-01,-5.9649243e-11,1.0001682e-10
1.1311550e-05,-6.0071307e-01,-6.0081411e-11,1.0001682e-10
1.1321550e-05,-6.0502809e-01,-6.0512986e-11,1.0001682e-10
1.1331550e-05,-6.0933715e-01,-6.0943964e-11,1.0001682e-10
1.1341550e-05,-6.1364019e-01,-6.1374340e-11,1.0001682e-10
1.1351550e-05,-6.1793717e-01,-6.1804111e-11,1.0001682e-10
1.1361550e-05,-6.2222806e-01,-6.2233272e-11,1.0001682e-10
1.1371550e-05,-6.2651280e-01,-6.2661818e-11,1.0001682e-10
1.1381550e-05,-6.3079136e-01,-6.3089746e-11,1.0001682e-10
1.1391550e-05,-6.3506370e-01,-6.3517052e-11,1.0001682e-10
1.1401550e-05,-6.3932977e-01,-6.3943730e-11,1.0001682e-10
1.1411550e-05,-6.4358952e-01,-6.4369778e-11,1.0001682e-10
1.1421550e-05,-6.4784293e-01,-6.4795190e-11,1.0001682e-10
1.1431550e-05,-6.5208994e-01,-6.5219962e-11,1.0001682e-10
1.1441550e-05,-6.5633052e-01,-6.5644091e-11,1.0001682e-10
1.1451550e-05,-6.6056461e-01,-6.6067572e-11,1.0001682e-10
1.1461550e-05,-6.6479219e-01,-6.6490401e-11,1.0001682e-10
1.1471550e-05,-6.6901321e-01,-6.6912574e-11,1.0001682e-10
1.1481550e-05,-6.7322762e-01,-6.7334086e-11,1.0001682e-10
1.1491550e-05,-6.7743539e-01,-6.7754934e-11,1.0001682e-10
1.1501550e-05,-6.8163648e-01,-6.8175113e-11,1.0001682e-10
1.1511550e-05,-6.8583083e-01,-6.8594619e-11,1.0001682e-10
1.1521550e-05,-6.9001842e-01,-6.9013449e-11,1.0001682e-10
1.1531550e-05,-6.9419920e-01,-6.9431597e-11,1.0001682e-10
1.1541550e-05,-6.9837313e-01,-6.9849059e-11,1.0001682e-10
1.1551550e-05,-7.0254016e-01,-7.0265833e-11,1.0001682e-10
1.1561550e-05,-7.0670026e-01,-7.0681913e-11,1.0001682e-10
1.1571550e-05,-7.1085338e-01,-7.1097295e-11,1.0001682e-10
1.1581550e-05,-7.1499949e-01,-7.1511976e-11,1.0001682e-10
1.1591550e-05,-7.1913854e-01,-7.1925950e-11,1.0001682e-10
1.1601550e-05,-7.2327050e-01,-7.2339215e-11,1.0001682e-10
1.1611550e-05,-7.2739531e-01,-7.2751766e-11,1.0001682e-10
1.1621550e-05,-7.3151295e-01,-7.3163599e-11,1.0001682e-10
1.1631550e-05,-7.3562337e-01,-7.3574710e-11,1.0001682e-10
1.1641550e-05,-7.3972652e-01,-7.3985095e-11,1.0001682e-10
1.1651550e-05,-7.4382238e-01,-7.4394749e-11,1.0001682e-10
1.1661550e-05,-7.4791090e-01,-7.4803670e-11,1.0001682e-10
1.1671550e-05,-7.5199203e-01,-7.5211852e-11,1.0001682e-10
1.1681550e-05,-7.5606574e-01,-7.5619291e-11,1.0001682e-10
1.1691550e-05,-7.6013199e-01,-7.6025985e-11,1.0001682e-10
1.1701550e-05,-7.6419074e-01,-7.6431928e-11,1.0001682e-10
1.1711550e-05,-7.6824194e-01,-7.6837116e-11,1.0001682e-10
1.1721550e-05,-7.7228556e-01,-7.7241546e-11,1.0001682e-10
1.1731550e-05,-7.7632156e-01,-7.7645214e-11,1.0001682e-10
1.1741550e-05,-7.8034990e-01,-7.8048116e-11,1.0001682e-10
1.1751550e-05,-7.8437054e-01,-7.8450247e-11,1.0001682e-10
1.1761550e-05,-7.8838344e-01,-7.8851604e-11,1.0001682e-10
1.1771550e-05,-7.9238855e-01,-7.9252183e-11,1.0001682e-10
1.1781550e-05,-7.9638584e-01,-7.9651980e-11,1.0001682e-10
1.1791550e-05,-8.0037528e-01,-8.0050990e-11,1.0001682e-10
1.1801550e-05,-8.0435681e-01,-8.0448578e-11,1.0001603e-10
1.1811550e-05,-8.0833041e-01,-8.0843823e-11,1.0001333e-10
1.1821550e-05,-8.1229602e-01,-8.1236257e-11,1.0000817e-10
1.1831550e-05,-8.1625363e-01,-8.1625576e-11,1.0000022e-10
1.1841550e-05,-8.2020317e-01,-8.2011589e-11,9.9989307e-11
1.1851550e-05,-8.2414462e-01,-8.2394194e-11,9.9975340e-11
1.1861550e-05,-8.2807794e-01,-8.2773346e-11,9.9958320e-11
1.1871550e-05,-8.3200308e-01,-8.3149034e-11,9.9938278e-11
1.1881550e-05,-8.3592001e-01,-8.3521257e-11,9.9915263e-11
1.1891550e-05,-8.3982869e-01,-8.3890021e-11,9.9889323e-11
1.1901550e-05,-8.4372908e-01,-8.4255325e-11,9.9860506e-11
1.1911550e-05,-8.4762115e-01,-8.4617168e-11,9.9828850e-11
1.1921550e-05,-8.5150485e-01,-8.4975539e-11,9.9794389e-11
1.1931550e-05,-8.5538014e-01,-8.5330429e-11,9.9757149e-11
1.1941550e-05,-8.5924700e-01,-8.5681819e-11,9.9717153e-11
1.1951550e-05,-8.6310537e-01,-8.6029691e-11,9.9674419e-11
1.1961550e-05,-8.6695522e-01,-8.6373851e-11,9.9628965e-11
1.1971550e-05,-8.7079652e-01,-8.6714615e-11,9.9580801e-11
1.1981550e-05,-8.7462922e-01,-8.7051793e-11,9.9529938e-11
1.1991550e-05,-8.7845330e-01,-8.7385358e-11,9.9476385e-11
1.2001550e-05,-8.8226870e-01,-8.7715287e-11,9.9420151e-11
1.2011550e-05,-8.8607539e-01,-8.8041553e-11,9.9361244e-11
1.2021550e-05,-8.8987334e-01,-8.8364130e-11,9.9299671e-11
1.2031550e-05,-8.9366250e-01,-8.8682992e-11,9.9235440e-11
1.2041550e-05,-8.9744285e-01,-8.8998113e-11,9.9168558e-11
1.2051550e-05,-9.0121434e-01,-8.9309468e-11,9.9099031e-11
1.2061550e-05,-9.0497693e-01,-8.9617030e-11,9.9026867e-11
1.2071550e-05,-9.0873059e-01,-8.9920774e-11,9.8952071e-11
1.2081550e-05,-9.1247529e-01,-9.0220675e-11,9.8874650e-11
1.2091550e-05,-9.1621097e-01,-9.0516706e-11,9.8794611e-11
1.2101550e-05,-9.1993762e-01,-9.0808845e-11,9.8711960e-11
1.2111550e-05,-9.2365518e-01,-9.1097065e-11,9.8626702e-11
1.2121550e-05,-9.2736363e-01,-9.1381342e-11,9.8538846e-11
1.2131550e-05,-9.3106293e-01,-9.1661653e-11,9.8448397e-11
1.2141550e-05,-9.3475303e-01,-9.1937973e-11,9.8355362e-11
1.2151550e-05,-9.3843392e-01,-9.2210279e-11,9.8259746e-11
1.2161550e-05,-9.4210553e-01,-9.2478547e-11,9.8161558e-11
1.2171550e-05,-9.4576786e-01,-9.2742755e-11,9.8060802e-11
1.2181550e-05,-9.4942084e-01,-9.3002879e-11,9.7957486e-11
1.2191550e-05,-9.5306446e-01,-9.3258898e-11,9.7851616e-11
1.2201550e-05,-9.5669867e-01,-9.3510789e-11,9.7743199e-11
1.2211550e-05,-9.6032344e-01,-9.3758530e-11,9.7632241e-11
1.2221550e-05,-9.6393873e-01,-9.4002099e-11,9.7518750e-11
1.2231550e-05,-9.6754450e-01,-9.4241477e-11,9.7402731e-11
1.2241550e-05,-9.7114073e-01,-9.4476640e-11,9.7284191e-11
1.2251550e-05,-9.7472737e-01,-9.4707569e-11,9.7163137e-11
1.2261550e-05,-9.7830439e-01,-9.4934243e-11,9.7039576e-11
1.2271550e-05,-9.8187176e-01,-9.5156643e-11,9.6913514e-11
1.2281550e-05,-9.8542944e-01,-9.5374747e-11,9.6784959e-11
1.2291550e-05,-9.8897739e-01,-9.5588538e-11,9.6653916e-11
1.2301550e-05,-9.9251558e-01,-9.5797994e-11,9.6520394e-11
1.2311550e-05,-9.9604397e-01,-9.6003098e-11,9.6384398e-11
1.2321550e-05,-9.9956253e-01,-9.6203831e-11,9.6245936e-11
1.2331550e-05,-1.0030712e+00,-9.6400175e-11,9.6105014e-11
1.2341550e-05,-1.0065700e+00,-9.6592110e-11,9.5961639e-11
1.2351550e-05,-1.0100589e+00,-9.6779620e-11,9.5815819e-11
1.2361550e-05,-1.0135378e+00,-9.6962687e-11,9.5667560e-11
1.2371550e-05,-1.0170067e+00,-9.7141295e-11,9.5516870e-11
1.2381550e-05,-1.0204655e+00,-9.7315425e-11,9.5363755e-11
1.2391550e-05,-1.0239143e+00,-9.7485061e-11,9.5208222e-11
1.2401550e-05,-1.0273530e+00,-9.7650187e-11,9.5050278e-11
1.2411550e-05,-1.0307815e+00,-9.7810788e-11,9.4889931e-11
1.2421550e-05,-1.0341999e+00,-9.7966847e-11,9.4727188e-11
1.2431550e-05,-1.0376080e+00,-9.8118349e-11,9.4562055e-11
1.2441550e-05,-1.0410060e+00,-9.8265279e-11,9.4394540e-11
1.2451550e-05,-1.0443936e+00,-9.8407622e-11,9.4224650e-11
1.2461550e-05,-1.0477709e+00,-9.8545363e-11,9.4052392e-11
1.2471550e-05,-1.0511379e+00,-9.8678489e-11,9.3877774e-11
1.2481550e-05,-1.0544945e+00,-9.8806986e-11,9.3700803e-11
1.2491550e-05,-1.0578408e+00,-9.8930839e-11,9.3521486e-11
1.2501550e-05,-1.0611765e+00,-9.9050036e-11,9.3339830e-11
1.2511550e-05,-1.0645018e+00,-9.9164564e-11,9.3155842e-11
1.2521550e-05,-1.0678166e+00,-9.9274410e-11,9.2969531e-11
1.2531550e-05,-1.0711209e+00,-9.9379561e-11,9.2780902e-11
1.2541550e-05,-1.0744146e+00,-9.9480006e-11,9.2589965e-11
1.2551550e-05,-1.0776976e+00,-9.9575732e-11,9.2396726e-11
1.2561550e-05,-1.0809701e+00,-9.9666729e-11,9.2201192e-11
1.2571550e-05,-1.0842318e+00,-9.9752985e-11,9.2003371e-11
1.2581550e-05,-1.0874829e+00,-9.9834489e-11,9.1803271e-11
1.2591550e-05,-1.0907232e+00,-9.9911230e-11,9.1600899e-11
1.2601550e-05,-1.0939528e+00,-9.9983199e-11,9.1396263e-11
1.2611550e-05,-1.0971716e+00,-1.0005039e-10,9.1189369e-11
1.2621550e-05,-1.1003795e+00,-1.0011278e-10,9.0980226e-11
1.2631550e-05,-1.1035766e+00,-1.0017037e-10,9.0768841e-11
1.2641550e-05,-1.1067628e+00,-1.0022315e-10,9.0555223e-11
1.2651550e-05,-1.1099381e+00,-1.0027112e-10,9.0339377e-11
1.2661550e-05,-1.1131024e+00,-1.0031425e-10,9.0121313e-11
1.2671550e-05,-1.1162557e+00,-1.0035255e-10,8.9901038e-11
1.2681550e-05,-1.1193981e+00,-1.0038600e-10,8.9678559e-11
1.2691550e-05,-1.1225293e+00,-1.0041461e-10,8.9453884e-11
1.2701550e-05,-1.1256495e+00,-1.0043835e-10,8.9227022e-11
1.2711550e-05,-1.1287586e+00,-1.0045723e-10,8.8997979e-11
1.2721550e-05,-1.1318565e+00,-1.0047124e-10,8.8766764e-11
1.2731550e-05,-1.1349433e+00,-1.0048037e-10,8.8533384e-11
1.2741550e-05,-1.1380189e+00,-1.0048461e-10,8.8297847e-11
1.2751550e-05,-1.1410832e+00,-1.0048397e-10,8.8060161e-11
1.2761550e-05,-1.1441363e+00,-1.0047843e-10,8.7820334e-11
1.2771550e-05,-1.1471780e+00,-1.0046799e-10,8.7578374e-11
1.2781550e-05,-1.1502085e+00,-1.0045264e-10,8.7334289e-11
1.2791550e-05,-1.1532276e+00,-1.0043238e-10,8.7088087e-11
1.2801550e-05,-1.1562353e+00,-1.0040721e-10,8.6839775e-11
1.2811550e-05,-1.1592316e+00,-1.0037713e-10,8.6589361e-11
1.2821550e-05,-1.1622165e+00,-1.0034212e-10,8.6336854e-11
1.2831550e-05,-1.1651899e+00,-1.0030218e-10,8.6082262e-11
1.2841550e-05,-1.1681518e+00,-1.0025732e-10,8.5825592e-11
1.2851550e-05,-1.1711022e+00,-1.0020753e-10,8.5566854e-11
1.2861550e-05,-1.1740410e+00,-1.0015280e-10,8.5306053e-11
1.2871550e-05,-1.1769682e+00,-1.0009314e-10,8.5043200e-11
1.2881550e-05,-1.1798838e+00,-1.0002855e-10,8.4778302e-11
1.2891550e-05,-1.1827878e+00,-9.9959011e-11,8.4511367e-11
1.2901550e-05,-1.1856801e+00,-9.9884538e-11,8.4242403e-11
1.2911550e-05,-1.1885606e+00,-9.9805124e-11,8.3971419e-11
1.2921550e-05,-1.1914295e+00,-9.9720770e-11,8.3698422e-11
1.2931550e-05,-1.1942866e+00,-9.9631475e-11,8.3423422e-11
1.2941550e-05,-1.1971319e+00,-9.9537239e-11,8.3146425e-11
1.2951550e-05,-1.1999654e+00,-9.9438063e-11,8.2867441e-11
1.2961550e-05,-1.2027871e+00,-9.9333947e-11,8.2586478e-11
1.2971550e-05,-1.2055968e+00,-9.9224892e-11,8.2303544e-11
1.2981550e-05,-1.2083947e+00,-9.9110899e-11,8.2018647e-11
1.2991550e-05,-1.2111807e+00,-9.8991971e-11,8.1731795e-11
1.3001550e-05,-1.2139547e+00,-9.8868108e-11,8.1442998e-11
1.3011550e-05,-1.2167167e+00,-9.8739313e-11,8.1152263e-11
1.3021550e-05,-1.2194667e+00,-9.8605589e-11,8.0859599e-11
1.3031550e-05,-1.2222047e+00,-9.8466937e-11,8.0565014e-11
1.3041550e-05,-1.2249306e+00,-9.8323362e-11,8.0268516e-11
1.3051550e-05,-1.2276444e+00,-9.8174866e-11,7.9970115e-11
1.3061550e-05,-1.2303461e+00,-9.8021453e-11,7.9669818e-11
1.3071550e-05,-1.2330357e+00,-9.7863127e-11,7.9367635e-11
1.3081550e-05,-1.2357131e+00,-9.7699892e-11,7.9063573e-11
1.3091550e-05,-1.2383783e+00,-9.7531753e-11,7.8757641e-11
1.3101550e-05,-1.2410313e+00,-9.7358714e-11,7.8449847e-11
1.3111550e-05,-1.2436720e+00,-9.7180780e-11,7.8140201e-11
1.3121550e-05,-1.2463005e+00,-9.6997958e-11,7.7828711e-11
1.3131550e-05,-1.2489166e+00,-9.6810251e-11,7.7515385e-11
1.3141550e-05,-1.2515204e+00,-9.6617668e-11,7.7200232e-11
1.3151550e-05,-1.2541119e+00,-9.6420213e-11,7.6883260e-11
1.3161550e-05,-1.2566910e+00,-9.6217893e-11,7.6564479e-11
1.3171550e-05,-1.2592577e+00,-9.6010715e-11,7.6243897e-11
1.3181550e-05,-1.2618120e+00,-9.5798687e-11,7.5921523e-11
1.3191550e-05,-1.2643538e+00,-9.5581814e-11,7.5597365e-11
1.3201550e-05,-1.2668831e+00,-9.5360106e-11,7.5271432e-11
1.3211550e-05,-1.2693999e+00,-9.5133571e-11,7.4943733e-11
1.3221550e-05,-1.2719042e+00,-9.4902215e-11,7.4614277e-11
1.3231550e-05,-1.2743960e+00,-9.4666049e-11,7.4283071e-11
1.3241550e-05,-1.2768752e+00,-9.4425080e-11,7.3950127e-11
1.3251550e-05,-1.2793417e+00,-9.4179319e-11,7.3615451e-11
1.3261550e-05,-1.2817957e+00,-9.3928773e-11,7.3279053e-11
1.3271550e-05,-1.2842370e+00,-9.3673453e-11,7.2940941e-11
1.3281550e-05,-1.2866656e+00,-9.3413370e-11,7.2601125e-11
1.3291550e-05,-1.2890815e+00,-9.3148532e-11,7.2259614e-11
1.3301550e-05,-1.2914847e+00,-9.2878950e-11,7.1916416e-11
1.3311550e-05,-1.2938752e+00,-9.2604637e-11,7.1571540e-11
1.3321550e-05,-1.2962528e+00,-9.2325601e-11,7.1224995e-11
1.3331550e-05,-1.2986177e+00,-9.2041855e-11,7.0876790e-11
1.3341550e-05,-1.3009698e+00,-9.1753411e-11,7.0526935e-11
1.3351550e-05,-1.3033090e+00,-9.1460279e-11,7.0175437e-11
1.3361550e-05,-1.3056354e+00,-9.1162473e-11,6.9822306e-11
1.3371550e-05,-1.3079489e+00,-9.0860005e-11,6.9467552e-11
1.3381550e-05,-1.3102494e+00,-9.0552887e-11,6.9111183e-11
1.3391550e-05,-1.3125371e+00,-9.0241133e-11,6.8753207e-11
1.3401550e-05,-1.3148117e+00,-8.9924755e-11,6.8393635e-11
1.3411550e-05,-1.3170735e+00,-8.9603767e-11,6.8032475e-11
1.3421550e-05,-1.3193222e+00,-8.9278184e-11,6.7669737e-11
1.3431550e-05,-1.3215579e+00,-8.8948018e-11,6.7305429e-11
1.3441550e-05,-1.3237805e+00,-8.8613284e-11,6.6939560e-11
1.3451550e-05,-1.3259901e+00,-8.8273998e-11,6.6572141e-11
1.3461550e-05,-1.3281866e+00,-8.7930173e-11,6.6203179e-11
1.3471550e-05,-1.3303699e+00,-8.7581825e-11,6.5832684e-11
1.3481550e-05,-1.3325402e+00,-8.7228969e-11,6.5460666e-11
1.3491550e-05,-1.3346973e+00,-8.6871620e-11,6.5087132e-11
1.3501550e-05,-1.3368412e+00,-8.6509795e-11,6.4712094e-11
1.3511550e-05,-1.3389720e+00,-8.6143510e-11,6.4335559e-11
1.3521550e-05,-1.3410895e+00,-8.5772782e-11,6.3957538e-11
1.3531550e-05,-1.3431938e+00,-8.5397625e-11,6.3578039e-11
1.3541550e-05,-1.3452848e+00,-8.5018059e-11,6.3197071e-11
1.3551550e-05,-1.3473625e+00,-8.4634099e-11,6.2814645e-11
1.3561550e-05,-1.3494270e+00,-8.4245764e-11,6.2430768e-11
1.3571550e-05,-1.3514781e+00,-8.3853071e-11,6.2045452e-11
1.3581550e-05,-1.3535159e+00,-8.3456037e-11,6.1658704e-11
1.3591550e-05,-1.3555404e+00,-8.3054681e-11,6.1270534e-11
1.3601550e-05,-1.3575514e+00,-8.2649022e-11,6.0880952e-11
1.3611550e-05,-1.3595491e+00,-8.2239078e-11,6.0489967e-11
1.3621550e-05,-1.3615333e+00,-8.1824868e-11,6.0097588e-11
1.3631550e-05,-1.3635041e+00,-8.1406411e-11,5.9703825e-11
1.3641550e-05,-1.3654615e+00,-8.0983726e-11,5.9308687e-11
1.3651550e-05,-1.3674053e+00,-8.0556834e-11,5.8912183e-11
1.3661550e-05,-1.3693357e+00,-8.0125753e-11,5.8514324e-11
1.3671550e-05,-1.3712526e+00,-7.9690505e-11,5.8115118e-11
1.3681550e-05,-1.3731559e+00,-7.9251109e-11,5.7714575e-11
1.3691550e-05,-1.3750457e+00,-7.8807586e-11,5.7312705e-11
1.3701550e-05,-1.3769219e+00,-7.8359957e-11,5.6909516e-11
1.3711550e-05,-1.3787845e+00,-7.7908242e-11,5.6505019e-11
1.3721550e-05,-1.3806335e+00,-7.7452464e-11,5.6099222e-11
1.3731550e-05,-1.3824689e+00,-7.6992644e-11,5.5692137e-11
1.3741550e-05,-1.3842906e+00,-7.6528803e-11,5.5283771e-11
1.3751550e-05,-1.3860987e+00,-7.6060964e-11,5.4874135e-11
1.3761550e-05,-1.3878930e+00,-7.5589148e-11,5.4463238e-11
1.3771550e-05,-1.3896737e+00,-7.5113379e-11,5.4051089e-11
1.3781550e-05,-1.3914407e+00,-7.4633678e-11,5.3637699e-11
1.3791550e-05,-1.3931940e+00,-7.4150069e-11,5.3223077e-11
1.3801550e-05,-1.3949334e+00,-7.3662575e-11,5.2807232e-11
1.3811550e-05,-1.3966592e+00,-7.3171218e-11,5.2390175e-11
1.3821550e-05,-1.3983711e+00,-7.2676024e-11,5.1971914e-11
1.3831550e-05,-1.4000693e+00,-7.2177015e-11,5.1552460e-11
1.3841550e-05,-1.4017536e+00,-7.1674215e-11,5.1131822e-11
1.3851550e-05,-1.4034241e+00,-7.1167648e-11,5.0710010e-11
1.3861550e-05,-1.4050807e+00,-7.0657340e-11,5.0287033e-11
1.3871550e-05,-1.4067235e+00,-7.0143314e-11,4.9862902e-11
1.3881550e-05,-1.4083524e+00,-6.9625596e-11,4.9437625e-11
1.3891550e-05,-1.4099673e+00,-6.9104210e-11,4.9011213e-11
1.3901550e-05,-1.4115684e+00,-6.8579182e-11,4.8583676e-11
1.3911550e-05,-1.4131555e+00,-6.8050537e-11,4.8155023e-11
1.3921550e-05,-1.4147287e+00,-6.7518301e-11,4.7725263e-11
1.3931550e-05,-1.4162880e+00,-6.6982500e-11,4.7294407e-11
1.3941550e-05,-1.4178332e+00,-6.6443159e-11,4.6862465e-11
1.3951550e-05,-1.4193645e+00,-6.5900305e-11,4.6429446e-11
1.3961550e-05,-1.4208817e+00,-6.5353965e-11,4.5995359e-11
1.3971550e-05,-1.4223849e+00,-6.4804165e-11,4.5560216e-11
1.3981550e-05,-1.4238741e+00,-6.4250932e-11,4.5124025e-11
1.3991550e-05,-1.4253493e+00,-6.3694293e-11,4.4686797e-11
1.4001550e-05,-1.4268103e+00,-6.3134275e-11,4.4248541e-11
1.4011550e-05,-1.4282573e+00,-6.2570907e-11,4.3809268e-11
1.4021550e-05,-1.4296902e+00,-6.2004214e-11,4.3368986e-11
1.4031550e-05,-1.4311090e+00,-6.1434225e-11,4.2927706e-11
1.4041550e-05,-1.4325136e+00,-6.0860969e-11,4.2485439e-11
1.4051550e-05,-1.4339041e+00,-6.0284473e-11,4.2042192e-11
1.4061550e-05,-1.4352805e+00,-5.9704766e-11,4.1597978e-11
1.4071550e-05,-1.4366427e+00,-5.9121876e-11,4.1152805e-11
1.4081550e-05,-1.4379907e+00,-5.8535831e-11,4.0706683e-11
1.4091550e-05,-1.4393245e+00,-5.7946662e-11,4.0259623e-11
1.4101550e-05,-1.4406441e+00,-5.7354397e-11,3.9811634e-11
1.4111550e-05,-1.4419495e+00,-5.6759064e-11,3.9362726e-11
1.4121550e-05,-1.4432407e+00,-5.6160695e-11,3.8912909e-11
1.4131550e-05,-1.4445176e+00,-5.5559317e-11,3.8462194e-11
1.4141550e-05,-1.4457803e+00,-5.4954961e-11,3.8010590e-11
1.4151550e-05,-1.4470287e+00,-5.4347658e-11,3.7558106e-11
1.4161550e-05,-1.4482628e+00,-5.3737436e-11,3.7104754e-11
1.4171550e-05,-1.4494826e+00,-5.3124326e-11,3.6650543e-11
1.4181550e-05,-1.4506881e+00,-5.2508359e-11,3.6195484e-11
1.4191550e-05,-1.4518793e+00,-5.1889565e-11,3.5739585e-11
1.4201550e-05,-1.4530562e+00,-5.1267976e-11,3.5282858e-11
1.4211550e-05,-1.4542187e+00,-5.0643621e-11,3.4825311e-11
1.4221550e-05,-1.4553669e+00,-5.0016532e-11,3.4366956e-11
1.4231550e-05,-1.4565007e+00,-4.9386740e-11,3.3907803e-11
1.4241550e-05,-1.4576202e+00,-4.8754276e-11,3.3447860e-11
1.4251550e-05,-1.4587252e+00,-4.8119172e-11,3.2987140e-11
1.4261550e-05,-1.4598159e+00,-4.7481460e-11,3.2525650e-11
1.4271550e-05,-1.4608921e+00,-4.6841172e-11,3.2063402e-11
1.4281550e-05,-1.4619539e+00,-4.6198339e-11,3.1600406e-11
1.4291550e-05,-1.4630013e+00,-4.5552993e-11,3.1136672e-11
1.4301550e-05,-1.4640343e+00,-4.4905167e-11,3.0672209e-11
1.4311550e-05,-1.4650528e+00,-4.4254893e-11,3.0207029e-11
1.4321550e-05,-1.4660569e+00,-4.3602203e-11,2.9741140e-11
1.4331550e-05,-1.4670464e+00,-4.2947131e-11,2.9274554e-11
1.4341550e-05,-1.4680215e+00,-4.2289709e-11,2.8807281e-11
1.4351550e-05,-1.4689822e+00,-4.1629969e-11,2.8339329e-11
1.4361550e-05,-1.4699283e+00,-4.0967946e-11,2.7870711e-11
1.4371550e-05,-1.4708599e+00,-4.0303671e-11,2.7401435e-11
1.4381550e-05,-1.4717770e+00,-3.9637179e-11,2.6931512e-11
1.4391550e-05,-1.4726795e+00,-3.8968503e-11,2.6460952e-11
1.4401550e-05,-1.4735676e+00,-3.8297676e-11,2.5989766e-11
1.4411550e-05,-1.4744411e+00,-3.7624732e-11,2.5517963e-11
1.4421550e-05,-1.4753000e+00,-3.6949704e-11,2.5045553e-11
1.4431550e-05,-1.4761444e+00,-3.6272628e-11,2.4572548e-11
1.4441550e-05,-1.4769742e+00,-3.5593536e-11,2.4098956e-11
1.4451550e-05,-1.4777894e+00,-3.4912463e-11,2.3624789e-11
1.4461550e-05,-1.4785900e+00,-3.4229442e-11,2.3150056e-11
1.4471550e-05,-1.4793761e+00,-3.3544509e-11,2.2674768e-11
1.4481550e-05,-1.4801475e+00,-3.2857698e-11,2.2198935e-11
1.4491550e-05,-1.4809044e+00,-3.2169044e-11,2.1722567e-11
1.4501550e-05,-1.4816466e+00,-3.1478580e-11,2.1245674e-11
1.4511550e-05,-1.4823742e+00,-3.0786342e-11,2.0768266e-11
1.4521550e-05,-1.4830872e+00,-3.0092706e-11,2.0290355e-11
1.4531550e-05,-1.4837855e+00,-2.9397018e-11,1.9811950e-11
1.4541550e-05,-1.4844692e+00,-2.8699660e-11,1.9333060e-11
1.4551550e-05,-1.4851382e+00,-2.8000668e-11,1.8853698e-11
1.4561550e-05,-1.4857926e+00,-2.7300077e-11,1.8373872e-11
1.4571550e-05,-1.4864323e+00,-2.6597923e-11,1.7893593e-11
1.4581550e-05,-1.4870574e+00,-2.5894240e-11,1.7412872e-11
1.4591550e-05,-1.4876677e+00,-2.5189064e-11,1.6931718e-11
1.4601550e-05,-1.4882634e+00,-2.4482432e-11,1.6450142e-11
1.4611550e-05,-1.4888444e+00,-2.3774378e-11,1.5968154e-11
1.4621550e-05,-1.4894107e+00,-2.3064938e-11,1.5485765e-11
1.4631550e-05,-1.4899623e+00,-2.2354148e-11,1.5002985e-11
1.4641550e-05,-1.4904992e+00,-2.1642044e-11,1.4519823e-11
1.4651550e-05,-1.4910214e+00,-2.0928663e-11,1.4036291e-11
1.4661550e-05,-1.4915289e+00,-2.0214039e-11,1.3552398e-11
1.4671550e-05,-1.4920216e+00,-1.9498209e-11,1.3068156e-11
1.4681550e-05,-1.4924997e+00,-1.8781210e-11,1.2583573e-11
1.4691550e-05,-1.4929629e+00,-1.8063077e-11,1.2098661e-11
1.4701550e-05,-1.4934115e+00,-1.7343848e-11,1.1613430e-11
1.4711550e-05,-1.4938453e+00,-1.6623557e-11,1.1127890e-11
1.4721550e-05,-1.4942644e+00,-1.5902243e-11,1.0642052e-11
1.4731550e-05,-1.4946687e+00,-1.5179940e-11,1.0155925e-11
1.4741550e-05,-1.4950583e+00,-1.4456687e-11,9.6695207e-12
1.4751550e-05,-1.4954331e+00,-1.3732519e-11,9.1828487e-12
1.4761550e-05,-1.4957932e+00,-1.3007473e-11,8.6959195e-12
1.4771550e-05,-1.4961385e+00,-1.2281585e-11,8.2087434e-12
1.4781550e-05,-1.4964690e+00,-1.1554893e-11,7.7213308e-12
1.4791550e-05,-1.4967848e+00,-1.0827434e-11,7.2336920e-12
1.4801550e-05,-1.4970858e+00,-1.0099244e-11,6.7458373e-12
1.4811550e-05,-1.4973720e+00,-9.3703598e-12,6.2577770e-12
1.4821550e-05,-1.4976434e+00,-8.6408187e-12,5.7695216e-12
1.4831550e-05,-1.4979001e+00,-7.9106577e-12,5.2810814e-12
1.4841550e-05,-1.4981420e+00,-7.1799136e-12,4.7924667e-12
1.4851550e-05,-1.4983690e+00,-6.4486236e-12,4.3036878e-12
1.4861550e-05,-1.4985813e+00,-5.7168248e-12,3.8147552e-12
1.4871550e-05,-1.4987788e+00,-4.9845542e-12,3.3256791e-12
1.4881550e-05,-1.4989616e+00,-4.2518489e-12,2.8364700e-12
1.4891550e-05,-1.4991295e+00,-3.5187462e-12,2.3471381e-12
1.4901550e-05,-1.4992826e+00,-2.7852831e-12,1.8576939e-12
1.4911550e-05,-1.4994209e+00,-2.0514970e-12,1.3681477e-12
1.4912800e-05,-1.4994372e+00,-1.9597045e-12,1.3069469e-12
1.4915300e-05,-1.4994690e+00,-1.7761888e-12,1.1845426e-12
1.4915925e-05,-1.4994768e+00,-1.7303119e-12,1.1539405e-12
1.4917175e-05,-1.4994922e+00,-1.6385495e-12,1.0927356e-12
1.4917487e-05,-1.4994961e+00,-1.6156095e-12,1.0774341e-12
1.4918112e-05,-1.4995037e+00,-1.5697272e-12,1.0468310e-12
1.4918269e-05,-1.4995056e+00,-1.5582568e-12,1.0391802e-12
1.4918581e-05,-1.4995093e+00,-1.5353154e-12,1.0238785e-12
1.4918659e-05,-1.4995103e+00,-1.5295800e-12,1.0200530e-12
1.4918816e-05,-1.4995122e+00,-1.5181093e-12,1.0124021e-12
1.4918855e-05,-1.4995126e+00,-1.5152416e-12,1.0104894e-12
1.4918933e-05,-1.4995136e+00,-1.5095062e-12,1.0066639e-12
1.4918952e-05,-1.4995138e+00,-1.5080724e-12,1.0057075e-12
1.4918991e-05,-1.4995143e+00,-1.5052046e-12,1.0037948e-12
1.4919001e-05,-1.4995144e+00,-1.5044877e-12,1.0033166e-12
1.4919021e-05,-1.4995146e+00,-1.5030538e-12,1.0023603e-12
1.4919060e-05,-1.4995151e+00,-1.5001861e-12,1.0004475e-12
1.4919138e-05,-1.4995160e+00,-1.4973189e-12,9.9853478e-13
1.4919294e-05,-1.4995179e+00,-1.4973208e-12,9.9853478e-13
1.4919607e-05,-1.4995216e+00,-1.4973245e-12,9.9853478e-13
1.4920232e-05,-1.4995290e+00,-1.4973319e-12,9.9853478e-13
1.4921482e-05,-1.4995437e+00,-1.4973465e-12,9.9853478e-13
1.4923982e-05,-1.4995723e+00,-1.4973751e-12,9.9853478e-13
1.4928982e-05,-1.4996267e+00,-1.4974294e-12,9.9853478e-13
1.4938982e-05,-1.4997244e+00,-1.4975270e-12,9.9853478e-13
1.4948982e-05,-1.4998073e+00,-1.4976098e-12,9.9853478e-13
1.4958982e-05,-1.4998755e+00,-1.4976778e-12,9.9853478e-13
1.4968982e-05,-1.4999288e+00,-1.4977311e-12,9.9853478e-13
1.4978982e-05,-1.4999673e+00,-1.4977695e-12,9.9853478e-13
1.4988982e-05,-1.4999910e+00,-1.4977932e-12,9.9853478e-13
1.4998982e-05,-1.4999999e+00,-1.4978021e-12,9.9853478e-13
1.5008982e-05,-1.4999940e+00,-1.4977962e-12,9.9853478e-13
1.5018982e-05,-1.4999733e+00,-1.4977755e-12,9.9853478e-13
1.5028982e-05,-1.4999378e+00,-1.4977401e-12,9.9853478e-13
1.5038982e-05,-1.4998875e+00,-1.4976899e-12,9.9853478e-13
1.5048982e-05,-1.4998224e+00,-1.4976248e-12,9.9853478e-13
1.5058982e-05,-1.4997425e+00,-1.4975450e-12,9.9853478e-13
1.5068982e-05,-1.4996478e+00,-1.4974505e-12,9.9853478e-13
1.5078982e-05,-1.4995383e+00,-1.4973411e-12,9.9853478e-13
1.5088982e-05,-1.4994140e+00,-1.4972170e-12,9.9853478e-13
1.5098982e-05,-1.4992748e+00,-1.4970781e-12,9.9853478e-13
1.5108982e-05,-1.4991209e+00,-1.4969244e-12,9.9853478e-13
1.5118982e-05,-1.4989522e+00,-1.4967559e-12,9.9853478e-13
1.5128982e-05,-1.4987687e+00,-1.4965727e-12,9.9853478e-13
1.5138982e-05,-1.4985704e+00,-1.4963747e-12,9.9853478e-13
1.5148982e-05,-1.4983573e+00,-1.4961619e-12,9.9853478e-13
1.5158982e-05,-1.4981295e+00,-1.4959344e-12,9.9853478e-13
1.5168982e-05,-1.4978868e+00,-1.4956921e-12,9.9853478e-13
1.5178982e-05,-1.4976294e+00,-1.4954350e-12,9.9853478e-13
1.5188982e-05,-1.4973571e+00,-1.4951632e-12,9.9853478e-13
1.5198982e-05,-1.4970701e+00,-1.4948766e-12,9.9853478e-13
1.5208982e-05,-1.4967684e+00,-1.4945753e-12,9.9853478e-13
1.5218982e-05,-1.4964518e+00,-1.4942592e-12,9.9853478e-13
1.5228982e-05,-1.4961205e+00,-1.4939284e-12,9.9853478e-13
1.5238982e-05,-1.4957744e+00,-1.4935828e-12,9.9853478e-13
1.5248982e-05,-1.4954136e+00,-1.4932225e-12,9.9853478e-13
1.5258982e-05,-1.4950380e+00,-1.4928474e-12,9.9853478e-13
1.5268982e-05,-1.4946476e+00,-1.4924576e-12,9.9853478e-13
1.5278982e-05,-1.4942425e+00,-1.4920531e-12,9.9853478e-13
1.5288982e-05,-1.4938226e+00,-1.4916339e-12,9.9853478e-13
1.5298982e-05,-1.4933880e+00,-1.4911999e-12,9.9853478e-13
1.5308982e-05,-1.4929387e+00,-1.4907512e-12,9.9853478e-13
1.5318982e-05,-1.4924746e+00,-1.4902878e-12,9.9853478e-13
1.5328982e-05,-1.4919958e+00,-1.4898097e-12,9.9853478e-13
1.5338982e-05,-1.4915023e+00,-1.4893169e-12,9.9853478e-13
1.5348982e-05,-1.4909940e+00,-1.4888094e-12,9.9853478e-13
1.5358982e-05,-1.4904710e+00,-1.4882872e-12,9.9853478e-13
1.5368982e-05,-1.4899334e+00,-1.4877503e-12,9.9853478e-13
1.5378982e-05,-1.4893810e+00,-1.4871987e-12,9.9853478e-13
1.5388982e-05,-1.4888139e+00,-1.4866325e-12,9.9853478e-13
1.5398982e-05,-1.4882321e+00,-1.4860515e-12,9.9853478e-13
1.5408982e-05,-1.4876357e+00,-1.4854559e-12,9.9853478e-13
1.5418982e-05,-1.4870245e+00,-1.4848457e-12,9.9853478e-13
1.5428982e-05,-1.4863987e+00,-1.4842208e-12,9.9853478e-13
1.5438982e-05,-1.4857582e+00,-1.4835812e-12,9.9853478e-13
1.5448982e-05,-1.4851030e+00,-1.4829270e-12,9.9853478e-13
1.5458982e-05,-1.4844332e+00,-1.4822582e-12,9.9853478e-13
1.5468982e-05,-1.4837487e+00,-1.4815747e-12,9.9853478e-13
1.5478982e-05,-1.4830496e+00,-1.4808766e-12,9.9853478e-13
1.5488982e-05,-1.4823359e+00,-1.4801639e-12,9.9853478e-13
1.5498982e-05,-1.4816075e+00,-1.4794366e-12,9.9853478e-13
1.5508982e-05,-1.4808645e+00,-1.4786947e-12,9.9853478e-13
1.5518982e-05,-1.4801069e+00,-1.4779382e-12,9.9853478e-13
1.5528982e-05,-1.4793347e+00,-1.4771671e-12,9.9853478e-13
1.5538982e-05,-1.4785478e+00,-1.4763814e-12,9.9853478e-13
1.5548982e-05,-1.4777464e+00,-1.4755812e-12,9.9853478e-13
1.5558982e-05,-1.4769304e+00,-1.4747664e-12,9.9853478e-13
1.5568982e-05,-1.4760998e+00,-1.4739370e-12,9.9853478e-13
1.5578982e-05,-1.4752547e+00,-1.4730931e-12,9.9853478e-13
1.5588982e-05,-1.4743950e+00,-1.4722347e-12,9.9853478e-13
1.5598982e-05,-1.4735207e+00,-1.4713617e-12,9.9853478e-13
1.5608982e-05,-1.4726319e+00,-1.4704742e-12,9.9853478e-13
1.5618982e-05,-1.4717286e+00,-1.4695722e-12,9.9853478e-13
1.5628982e-05,-1.4708107e+00,-1.4686557e-12,9.9853478e-13
1.5638982e-05,-1.4698783e+00,-1.4677246e-12,9.9853478e-13
1.5648982e-05,-1.4689315e+00,-1.4667791e-12,9.9853478e-13
1.5658982e-05,-1.4679701e+00,-1.4658192e-12,9.9853478e-13
1.5668982e-05,-1.4669942e+00,-1.4648447e-12,9.9853478e-13
1.5678982e-05,-1.4660039e+00,-1.4638558e-12,9.9853478e-13
1.5688982e-05,-1.4649990e+00,-1.4628525e-12,9.9853478e-13
1.5698982e-05,-1.4639798e+00,-1.4618347e-12,9.9853478e-13
1.5708982e-05,-1.4629460e+00,-1.4608025e-12,9.9853478e-13
1.5718982e-05,-1.4618979e+00,-1.4597559e-12,9.9853478e-13
1.5728982e-05,-1.4608353e+00,-1.4586948e-12,9.9853478e-13
1.5738982e-05,-1.4597583e+00,-1.4576194e-12,9.9853478e-13
1.5748982e-05,-1.4586668e+00,-1.4565296e-12,9.9853478e-13
1.5758982e-05,-1.4575610e+00,-1.4554254e-12,9.9853478e-13
1.5768982e-05,-1.4564408e+00,-1.4543068e-12,9.9853478e-13
1.5778982e-05,-1.4553062e+00,-1.4531739e-12,9.9853478e-13
1.5788982e-05,-1.4541573e+00,-1.4520266e-12,9.9853478e-13
1.5798982e-05,-1.4529940e+00,-1.4508651e-12,9.9853478e-13
1.5808982e-05,-1.4518164e+00,-1.4496891e-12,9.9853478e-13
1.5818982e-05,-1.4506244e+00,-1.4484989e-12,9.9853478e-13
1.5828982e-05,-1.4494181e+00,-1.4472944e-12,9.9853478e-13
1.5838982e-05,-1.4481976e+00,-1.4460756e-12,9.9853478e-13
1.5848982e-05,-1.4469627e+00,-1.4448426e-12,9.9853478e-13
1.5858982e-05,-1.4457135e+00,-1.4435952e-12,9.9853478e-13
1.5868982e-05,-1.4444501e+00,-1.4423337e-12,9.9853478e-13
1.5878982e-05,-1.4431724e+00,-1.4410579e-12,9.9853478e-13
1.5888982e-05,-1.4418805e+00,-1.4397678e-12,9.9853478e-13
1.5898982e-05,-1.4405743e+00,-1.4384636e-12,9.9853478e-13
1.5908982e-05,-1.4392540e+00,-1.4371451e-12,9.9853478e-13
1.5918982e-05,-1.4379194e+00,-1.4358125e-12,9.9853478e-13
1.5928982e-05,-1.4365706e+00,-1.4344657e-12,9.9853478e-13
1.5938982e-05,-1.4352077e+00,-1.4331048e-12,9.9853478e-13
1.5948982e-05,-1.4338306e+00,-1.4317297e-12,9.9853478e-13
1.5958982e-05,-1.4324393e+00,-1.4303405e-12,9.9853478e-13
1.5968982e-05,-1.4310339e+00,-1.4289371e-12,9.9853478e-13
1.5978982e-05,-1.4296144e+00,-1.4275197e-12,9.9853478e-13
1.5988982e-05,-1.4281807e+00,-1.4260881e-12,9.9853478e-13
1.5998982e-05,-1.4267330e+00,-1.4246425e-12,9.9853478e-13
1.6008982e-05,-1.4252712e+00,-1.4231828e-12,9.9853478e-13
1.6018982e-05,-1.4237953e+00,-1.4217091e-12,9.9853478e-13
1.6028982e-05,-1.4223054e+00,-1.4202214e-12,9.9853478e-13
1.6038982e-05,-1.4208014e+00,-1.4187196e-12,9.9853478e-13
1.6048982e-05,-1.4192834e+00,-1.4172038e-12,9.9853478e-13
1.6058982e-05,-1.4177514e+00,-1.4156741e-12,9.9853478e-13
1.6068982e-05,-1.4162054e+00,-1.4141304e-12,9.9853478e-13
1.6078982e-05,-1.4146454e+00,-1.4125727e-12,9.9853478e-13
1.6088982e-05,-1.4130715e+00,-1.4110011e-12,9.9853478e-13
1.6098982e-05,-1.4114836e+00,-1.4094155e-12,9.9853478e-13
1.6108982e-05,-1.4098818e+00,-1.4078160e-12,9.9853478e-13
1.6118982e-05,-1.4082661e+00,-1.4062027e-12,9.9853478e-13
1.6128982e-05,-1.4066365e+00,-1.4045754e-12,9.9853478e-13
1.6138982e-05,-1.4049930e+00,-1.4029344e-12,9.9853478e-13
1.6148982e-05,-1.4033356e+00,-1.4012794e-12,9.9853478e-13
1.6158982e-05,-1.4016644e+00,-1.3996106e-12,9.9853478e-13
1.6168982e-05,-1.3999793e+00,-1.3979280e-12,9.9853478e-13
1.6178982e-05,-1.3982804e+00,-1.3962317e-12,9.9853478e-13
1.6188982e-05,-1.3965678e+00,-1.3945215e-12,9.9853478e-13
1.6198982e-05,-1.3948413e+00,-1.3927976e-12,9.9853478e-13
1.6208982e-05,-1.3931011e+00,-1.3910599e-12,9.9853478e-13
1.6218982e-05,-1.3913471e+00,-1.3893085e-12,9.9853478e-13
1.6228982e-05,-1.3895794e+00,-1.3875434e-12,9.9853478e-13
1.6238982e-05,-1.3877980e+00,-1.3857646e-12,9.9853478e-13
1.6248982e-05,-1.3860029e+00,-1.3839721e-12,9.9853478e-13
1.6258982e-05,-1.3841941e+00,-1.3821659e-12,9.9853478e-13
1.6268982e-05,-1.3823716e+00,-1.3803461e-12,9.9853478e-13
1.6278982e-05,-1.3805355e+00,-1.3785127e-12,9.9853478e-13
1.6288982e-05,-1.3786858e+00,-1.3766657e-12,9.9853478e-13
1.6298982e-05,-1.3768225e+00,-1.3748051e-12,9.9853478e-13
1.6308982e-05,-1.3749455e+00,-1.3729309e-12,9.9853478e-13
1.6318982e-05,-1.3730550e+00,-1.3710432e-12,9.9853478e-13
1.6328982e-05,-1.3711510e+00,-1.3691420e-12,9.9853478e-13
1.6338982e-05,-1.3692334e+00,-1.3672272e-12,9.9853478e-13
1.6348982e-05,-1.3673023e+00,-1.3652989e-12,9.9853478e-13
1.6358982e-05,-1.3653577e+00,-1.3633572e-12,9.9853478e-13
1.6368982e-05,-1.3633997e+00,-1.3614020e-12,9.9853478e-13
1.6378982e-05,-1.3614282e+00,-1.3594334e-12,9.9853478e-13
1.6388982e-05,-1.3594432e+00,-1.3574513e-12,9.9853478e-13
1.6398982e-05,-1.3574448e+00,-1.3554559e-12,9.9853478e-13
1.6408982e-05,-1.3554331e+00,-1.3534471e-12,9.9853478e-13
1.6418982e-05,-1.3534079e+00,-1.3514249e-12,9.9853478e-13
1.6428982e-05,-1.3513694e+00,-1.3493894e-12,9.9853478e-13
1.6438982e-05,-1.3493176e+00,-1.3473405e-12,9.9853478e-13
1.6448982e-05,-1.3472524e+00,-1.3452784e-12,9.9853478e-13
1.6458982e-05,-1.3451740e+00,-1.3432030e-12,9.9853478e-13
1.6468982e-05,-1.3430822e+00,-1.3411143e-12,9.9853478e-13
1.6478982e-05,-1.3409772e+00,-1.3390124e-12,9.9853478e-13
1.6488982e-05,-1.3388590e+00,-1.3368973e-12,9.9853478e-13
1.6498982e-05,-1.3367276e+00,-1.3347690e-12,9.9853478e-13
1.6508982e-05,-1.3345830e+00,-1.3326275e-12,9.9853478e-13
1.6518982e-05,-1.3324252e+00,-1.3304729e-12,9.9853478e-13
1.6528982e-05,-1.3302542e+00,-1.3283051e-12,9.9853478e-13
1.6538982e-05,-1.3280701e+00,-1.3261242e-12,9.9853478e-13
1.6548982e-05,-1.3258729e+00,-1.3239302e-12,9.9853478e-13
1.6558982e-05,-1.3236627e+00,-1.3217232e-12,9.9853478e-13
1.6568982e-05,-1.3214393e+00,-1.3195031e-12,9.9853478e-13
1.6578982e-05,-1.3192029e+00,-1.3172700e-12,9.9853478e-13
1.6588982e-05,-1.3169535e+00,-1.3150239e-12,9.9853478e-13
1.6598982e-05,-1.3146911e+00,-1.3127648e-12,9.9853478e-13
1.6608982e-05,-1.3124158e+00,-1.3104928e-12,9.9853478e-13
1.6618982e-05,-1.3101274e+00,-1.3082078e-12,9.9853478e-13
1.6628982e-05,-1.3078262e+00,-1.3059099e-12,9.9853478e-13
1.6638982e-05,-1.3055120e+00,-1.3035992e-12,9.9853478e-13
1.6648982e-05,-1.3031850e+00,-1.3012755e-12,9.9853478e-13
1.6658982e-05,-1.3008451e+00,-1.2989390e-12,9.9853478e-13
1.6668982e-05,-1.2984923e+00,-1.2965897e-12,9.9853478e-13
1.6678982e-05,-1.2961267e+00,-1.2942276e-12,9.9853478e-13
1.6688982e-05,-1.2937484e+00,-1.2918528e-12,9.9853478e-13
1.6698982e-05,-1.2913573e+00,-1.2894651e-12,9.9853478e-13
1.6708982e-05,-1.2889534e+00,-1.2870648e-12,9.9853478e-13
1.6718982e-05,-1.2865368e+00,-1.2846517e-12,9.9853478e-13
1.6728982e-05,-1.2841075e+00,-1.2822260e-12,9.9853478e-13
1.6738982e-05,-1.2816655e+00,-1.2797876e-12,9.9853478e-13
1.6748982e-05,-1.2792109e+00,-1.2773366e-12,9.9853478e-13
1.6758982e-05,-1.2767437e+00,-1.2748730e-12,9.9853478e-13
1.6768982e-05,-1.2742638e+00,-1.2723968e-12,9.9853478e-13
1.6778982e-05,-1.2717714e+00,-1.2699080e-12,9.9853478e-13
1.6788982e-05,-1.2692665e+00,-1.2674067e-12,9.9853478e-13
1.6798982e-05,-1.2667490e+00,-1.2648929e-12,9.9853478e-13
1.6808982e-05,-1.2642190e+00,-1.2623666e-12,9.9853478e-13
1.6818982e-05,-1.2616765e+00,-1.2598279e-12,9.9853478e-13
1.6828982e-05,-1.2591216e+00,-1.2572767e-12,9.9853478e-13
1.6838982e-05,-1.2565542e+00,-1.2547131e-12,9.9853478e-13
1.6848982e-05,-1.2539744e+00,-1.2521371e-12,9.9853478e-13
1.6858982e-05,-1.2513823e+00,-1.2495488e-12,9.9853478e-13
1.6868982e-05,-1.2487778e+00,-1.2469481e-12,9.9853478e-13
1.6878982e-05,-1.2461610e+00,-1.2443351e-12,9.9853478e-13
1.6888982e-05,-1.2435319e+00,-1.2417099e-12,9.9853478e-13
1.6898982e-05,-1.2408905e+00,-1.2390724e-12,9.9853478e-13
1.6908982e-05,-1.2382369e+00,-1.2364226e-12,9.9853478e-13
1.6918982e-05,-1.2355711e+00,-1.2337607e-12,9.9853478e-13
1.6928982e-05,-1.2328930e+00,-1.2310866e-12,9.9853478e-13
1.6938982e-05,-1.2302028e+00,-1.2284003e-12,9.9853478e-13
1.6948982e-05,-1.2275005e+00,-1.2257019e-12,9.9853478e-13
1.6958982e-05,-1.2247860e+00,-1.2229914e-12,9.9853478e-13
1.6968982e-05,-1.2220594e+00,-1.2202688e-12,9.9853478e-13
1.6978982e-05,-1.2193208e+00,-1.2175342e-12,9.9853478e-13
1.6988982e-05,-1.2165702e+00,-1.2147876e-12,9.9853478e-13
1.6998982e-05,-1.2138075e+00,-1.2120290e-12,9.9853478e-13
1.7008982e-05,-1.2110329e+00,-1.2092584e-12,9.9853478e-13
1.7018982e-05,-1.2082463e+00,-1.2064759e-12,9.9853478e-13
1.7028982e-05,-1.2054478e+00,-1.2036815e-12,9.9853478e-13
1.7038982e-05,-1.2026373e+00,-1.2008752e-12,9.9853478e-13
1.7048982e-05,-1.1998151e+00,-1.1980571e-12,9.9853478e-13
1.7058982e-05,-1.1969809e+00,-1.1952271e-12,9.9853478e-13
1.7068982e-05,-1.1941350e+00,-1.1923853e-12,9.9853478e-13
1.7078982e-05,-1.1912773e+00,-1.1895318e-12,9.9853478e-13
1.7088982e-05,-1.1884078e+00,-1.1866665e-12,9.9853478e-13
1.7098982e-05,-1.1855266e+00,-1.1837895e-12,9.9853478e-13
1.7108982e-05,-1.1826337e+00,-1.1809009e-12,9.9853478e-13
1.7118982e-05,-1.1797291e+00,-1.1780005e-12,9.9853478e-13
1.7128982e-05,-1.1768129e+00,-1.1750886e-12,9.9853478e-13
1.7138982e-05,-1.1738850e+00,-1.1721650e-12,9.9853478e-13
1.7148982e-05,-1.1709456e+00,-1.1692299e-12,9.9853478e-13
1.7158982e-05,-1.1679946e+00,-1.1662832e-12,9.9853478e-13
1.7168982e-05,-1.1650321e+00,-1.1633251e-12,9.9853478e-13
1.7178982e-05,-1.1620581e+00,-1.1603554e-12,9.9853478e-13
1.7188982e-05,-1.1590726e+00,-1.1573743e-12,9.9853478e-13
1.7198982e-05,-1.1560757e+00,-1.1543818e-12,9.9853478e-13
1.7208982e-05,-1.1530674e+00,-1.1513779e-12,9.9853478e-13
1.7218982e-05,-1.1500477e+00,-1.1483626e-12,9.9853478e-13
1.7228982e-05,-1.1470166e+00,-1.1453360e-12,9.9853478e-13
1.7238982e-05,-1.1439742e+00,-1.1422980e-12,9.9853478e-13
1.7248982e-05,-1.1409206e+00,-1.1392489e-12,9.9853478e-13
1.7258982e-05,-1.1378556e+00,-1.1361884e-12,9.9853478e-13
1.7268982e-05,-1.1347795e+00,-1.1331168e-12,9.9853478e-13
1.7278982e-05,-1.1316921e+00,-1.1300339e-12,9.9853478e-13
1.7288982e-05,-1.1285936e+00,-1.1269399e-12,9.9853478e-13
1.7298982e-05,-1.1254839e+00,-1.1238348e-12,9.9853478e-13
1.7308982e-05,-1.1223631e+00,-1.1207186e-12,9.9853478e-13
1.7318982e-05,-1.1192313e+00,-1.1175914e-12,9.9853478e-13
1.7328982e-05,-1.1160884e+00,-1.1144531e-12,9.9853478e-13
1.7338982e-05,-1.1129345e+00,-1.1113038e-12,9.9853478e-13
1.7348982e-05,-1.1097696e+00,-1.1081435e-12,9.9853478e-13
1.7358982e-05,-1.1065937e+00,-1.1049723e-12,9.9853478e-13
1.7368982e-05,-1.1034069e+00,-1.1017902e-12,9.9853478e-13
1.7378982e-05,-1.1002093e+00,-1.0985972e-12,9.9853478e-13
1.7388982e-05,-1.0970007e+00,-1.0953934e-12,9.9853478e-13
1.7398982e-05,-1.0937814e+00,-1.0921788e-12,9.9853478e-13
1.7408982e-05,-1.0905512e+00,-1.0889533e-12,9.9853478e-13
1.7418982e-05,-1.0873103e+00,-1.0857172e-12,9.9853478e-13
1.7428982e-05,-1.0840587e+00,-1.0824703e-12,9.9853478e-13
1.7438982e-05,-1.0807964e+00,-1.0792128e-12,9.9853478e-13
1.7448982e-05,-1.0775234e+00,-1.0759445e-12,9.9853478e-13
1.7458982e-05,-1.0742397e+00,-1.0726657e-12,9.9853478e-13
1.7468982e-05,-1.0709455e+00,-1.0693763e-12,9.9853478e-13
1.7478982e-05,-1.0676407e+00,-1.0660763e-12,9.9853478e-13
1.7488982e-05,-1.0643253e+00,-1.0627658e-12,9.9853478e-13
1.7498982e-05,-1.0609995e+00,-1.0594449e-12,9.9853478e-13
1.7508982e-05,-1.0576631e+00,-1.0561134e-12,9.9853478e-13
1.7518982e-05,-1.0543164e+00,-1.0527716e-12,9.9853478e-13
1.7528982e-05,-1.0509592e+00,-1.0494193e-12,9.9853478e-13
1.7538982e-05,-1.0475916e+00,-1.0460567e-12,9.9853478e-13
1.7548982e-05,-1.0442138e+00,-1.0426838e-12,9.9853478e-13
1.7558982e-05,-1.0408256e+00,-1.0393005e-12,9.9853478e-13
1.7568982e-05,-1.0374271e+00,-1.0359071e-12,9.9853478e-13
1.7578982e-05,-1.0340184e+00,-1.0325033e-12,9.9853478e-13
1.7588982e-05,-1.0305995e+00,-1.0290895e-12,9.9853478e-13
1.7598982e-05,-1.0271704e+00,-1.0256654e-12,9.9853478e-13
1.7608982e-05,-1.0237312e+00,-1.0222312e-12,9.9853478e-13
1.7618982e-05,-1.0202819e+00,-1.0187870e-12,9.9853478e-13
1.7628982e-05,-1.0168225e+00,-1.0153326e-12,9.9853478e-13
1.7638982e-05,-1.0133531e+00,-1.0118683e-12,9.9853478e-13
1.7648982e-05,-1.0098737e+00,-1.0083940e-12,9.9853478e-13
1.7658982e-05,-1.0063843e+00,-1.0049097e-12,9.9853478e-13
1.7668982e-05,-1.0028849e+00,-1.0014155e-12,9.9853478e-13
1.7678982e-05,-9.9937572e-01,-9.9791141e-13,9.9853478e-13
1.7688982e-05,-9.9585663e-01,-9.9439748e-13,9.9853478e-13
1.7698982e-05,-9.9232772e-01,-9.9087374e-13,9.9853478e-13
1.7708982e-05,-9.8878901e-01,-9.8734022e-13,9.9853478e-13
1.7718982e-05,-9.8524054e-01,-9.8379695e-13,9.9853478e-13
1.7728982e-05,-9.8168235e-01,-9.8024397e-13,9.9853478e-13
1.7738982e-05,-9.7811447e-01,-9.7668131e-13,9.9853478e-13
1.7748982e-05,-9.7453693e-01,-9.7310902e-13,9.9853478e-13
1.7758982e-05,-9.7094978e-01,-9.6952713e-13,9.9853478e-13
1.7768982e-05,-9.6735305e-01,-9.6593566e-13,9.9853478e-13
1.7778982e-05,-9.6374676e-01,-9.6233466e-13,9.9853478e-13
1.7788982e-05,-9.6013097e-01,-9.5872416e-13,9.9853478e-13
1.7798982e-05,-9.5650570e-01,-9.5510421e-13,9.9853478e-13
1.7808982e-05,-9.5287099e-01,-9.5147482e-13,9.9853478e-13
1.7818982e-05,-9.4922687e-01,-9.4783604e-13,9.9853478e-13
1.7828982e-05,-9.4557339e-01,-9.4418791e-13,9.9853478e-13
1.7838982e-05,-9.4191057e-01,-9.4053046e-13,9.9853478e-13
1.7848982e-05,-9.3823846e-01,-9.3686373e-13,9.9853478e-13
1.7858982e-05,-9.3455708e-01,-9.3318775e-13,9.9853478e-13
1.7868982e-05,-9.3086649e-01,-9.2950256e-13,9.9853478e-13
1.7878982e-05,-9.2716670e-01,-9.2580820e-13,9.9853478e-13
1.7888982e-05,-9.2345777e-01,-9.2210470e-13,9.9853478e-13
1.7898982e-05,-9.1973972e-01,-9.1839210e-13,9.9853478e-13
1.7908982e-05,-9.1601260e-01,-9.1467043e-13,9.9853478e-13
1.7918982e-05,-9.1227643e-01,-9.1093974e-13,9.9853478e-13
1.7928982e-05,-9.0853126e-01,-9.0720006e-13,9.9853478e-13
1.7938982e-05,-9.0477712e-01,-9.0345142e-13,9.9853478e-13
1.7948982e-05,-9.0101405e-01,-8.9969387e-13,9.9853478e-13
1.7958982e-05,-8.9724209e-01,-8.9592744e-13,9.9853478e-13
1.7968982e-05,-8.9346128e-01,-8.9215216e-13,9.9853478e-13
1.7978982e-05,-8.8967164e-01,-8.8836808e-13,9.9853478e-13
1.7988982e-05,-8.8587323e-01,-8.8457523e-13,9.9853478e-13
1.7998982e-05,-8.8206607e-01,-8.8077365e-13,9.9853478e-13
1.8008982e-05,-8.7825021e-01,-8.7696338e-13,9.9853478e-13
1.8018982e-05,-8.7442568e-01,-8.7314445e-13,9.9853478e-13
1.8028982e-05,-8.7059252e-01,-8.6931691e-13,9.9853478e-13
1.8038982e-05,-8.6675076e-01,-8.6548078e-13,9.9853478e-13
1.8048982e-05,-8.6290046e-01,-8.6163612e-13,9.9853478e-13
1.8058982e-05,-8.5904163e-01,-8.5778295e-13,9.9853478e-13
1.8068982e-05,-8.5517433e-01,-8.5392131e-13,9.9853478e-13
1.8078982e-05,-8.5129859e-01,-8.5005125e-13,9.9853478e-13
1.8088982e-05,-8.4741444e-01,-8.4617279e-13,9.9853478e-13
1.8098982e-05,-8.4352193e-01,-8.4228599e-13,9.9853478e-13
1.8108982e-05,-8.3962110e-01,-8.3839087e-13,9.9853478e-13
1.8118982e-05,-8.3571198e-01,-8.3448747e-13,9.9853478e-13
1.8128982e-05,-8.3179461e-01,-8.3057585e-13,9.9853478e-13
1.8138982e-05,-8.2786903e-01,-8.2665602e-13,9.9853478e-13
1.8148982e-05,-8.2393528e-01,-8.2272803e-13,9.9853478e-13
1.8158982e-05,-8.1999340e-01,-8.1879193e-13,9.9853478e-13
1.8168982e-05,-8.1604343e-01,-8.1484774e-13,9.9853478e-13
1.8178982e-05,-8.1208540e-01,-8.1089551e-13,9.9853478e-13
1.8188982e-05,-8.0811936e-01,-8.0693528e-13,9.9853478e-13
1.8198982e-05,-8.0414534e-01,-8.0296709e-13,9.9853478e-13
1.8208982e-05,-8.0016338e-01,-7.9899096e-13,9.9853478e-13
1.8218982e-05,-7.9617353e-01,-7.9500696e-13,9.9853478e-13
1.8228982e-05,-7.9217582e-01,-7.9101511e-13,9.9853478e-13
1.8238982e-05,-7.8817029e-01,-7.8701545e-13,9.9853478e-13
1.8248982e-05,-7.8415698e-01,-7.8300802e-13,9.9853478e-13
1.8258982e-05,-7.8013593e-01,-7.7899286e-13,9.9853478e-13
1.8268982e-05,-7.7610719e-01,-7.7497002e-13,9.9853478e-13
1.8278982e-05,-7.7207078e-01,-7.7093953e-13,9.9853478e-13
1.8288982e-05,-7.6802675e-01,-7.6690142e-13,9.9853478e-13
1.8298982e-05,-7.6397515e-01,-7.6285575e-13,9.9853478e-13
1.8308982e-05,-7.5991600e-01,-7.5880255e-13,9.9853478e-13
1.8318982e-05,-7.5584935e-01,-7.5474187e-13,9.9853478e-13
1.8328982e-05,-7.5177525e-01,-7.5067373e-13,9.9853478e-13
1.8338982e-05,-7.4769372e-01,-7.4659818e-13,9.9853478e-13
1.8348982e-05,-7.4360481e-01,-7.4251527e-13,9.9853478e-13
1.8358982e-05,-7.3950857e-01,-7.3842502e-13,9.9853478e-13
1.8368982e-05,-7.3540502e-01,-7.3432749e-13,9.9853478e-13
1.8378982e-05,-7.3129422e-01,-7.3022271e-13,9.9853478e-13
1.8388982e-05,-7.2717620e-01,-7.2611073e-13,9.9853478e-13
1.8398982e-05,-7.2305101e-01,-7.2199158e-13,9.9853478e-13
1.8408982e-05,-7.1891867e-01,-7.1786530e-13,9.9853478e-13
1.8418982e-05,-7.1477924e-01,-7.1373194e-13,9.9853478e-13
1.8428982e-05,-7.1063276e-01,-7.0959153e-13,9.9853478e-13
1.8438982e-05,-7.0647927e-01,-7.0544412e-13,9.9853478e-13
1.8448982e-05,-7.0231880e-01,-7.0128974e-13,9.9853478e-13
1.8458982e-05,-6.9815140e-01,-6.9712845e-13,9.9853478e-13
1.8468982e-05,-6.9397710e-01,-6.9296027e-13,9.9853478e-13
1.8478982e-05,-6.8979596e-01,-6.8878526e-13,9.9853478e-13
1.8488982e-05,-6.8560802e-01,-6.8460345e-13,9.9853478e-13
1.8498982e-05,-6.8141330e-01,-6.8041488e-13,9.9853478e-13
1.8508982e-05,-6.7721186e-01,-6.7621959e-13,9.9853478e-13
1.8518982e-05,-6.7300374e-01,-6.7201764e-13,9.9853478e-13
1.8528982e-05,-6.6878897e-01,-6.6780905e-13,9.9853478e-13
1.8538982e-05,-6.6456760e-01,-6.6359386e-13,9.9853478e-13
1.8548982e-05,-6.6033968e-01,-6.5937213e-13,9.9853478e-13
1.8558982e-05,-6.5610523e-01,-6.5514389e-13,9.9853478e-13
1.8568982e-05,-6.5186431e-01,-6.5090919e-13,9.9853478e-13
1.8578982e-05,-6.4761696e-01,-6.4666806e-13,9.9853478e-13
1.8588982e-05,-6.4336322e-01,-6.4242055e-13,9.9853478e-13
1.8598982e-05,-6.3910312e-01,-6.3816670e-13,9.9853478e-13
1.8608982e-05,-6.3483672e-01,-6.3390654e-13,9.9853478e-13
1.8618982e-05,-6.3056405e-01,-6.2964014e-13,9.9853478e-13
1.8628982e-05,-6.2628516e-01,-6.2536752e-13,9.9853478e-13
1.8638982e-05,-6.2200009e-01,-6.2108872e-13,9.9853478e-13
1.8648982e-05,-6.1770888e-01,-6.1680380e-13,9.9853478e-13
1.8658982e-05,-6.1341157e-01,-6.1251279e-13,9.9853478e-13
1.8668982e-05,-6.0910821e-01,-6.0821573e-13,9.9853478e-13
1.8678982e-05,-6.0479884e-01,-6.0391267e-13,9.9853478e-13
1.8688982e-05,-6.0048350e-01,-5.9960366e-13,9.9853478e-13
1.8698982e-05,-5.9616223e-01,-5.9528872e-13,9.9853478e-13
1.8708982e-05,-5.9183507e-01,-5.9096791e-13,9.9853478e-13
1.8718982e-05,-5.8750208e-01,-5.8664126e-13,9.9853478e-13
1.8728982e-05,-5.8316329e-01,-5.8230883e-13,9.9853478e-13
1.8738982e-05,-5.7881874e-01,-5.7797064e-13,9.9853478e-13
1.8748982e-05,-5.7446848e-01,-5.7362676e-13,9.9853478e-13
1.8758982e-05,-5.7011255e-01,-5.6927721e-13,9.9853478e-13
1.8768982e-05,-5.6575099e-01,-5.6492204e-13,9.9853478e-13
1.8778982e-05,-5.6138385e-01,-5.6056130e-13,9.9853478e-13
1.8788982e-05,-5.5701117e-01,-5.5619503e-13,9.9853478e-13
1.8798982e-05,-5.5263299e-01,-5.5182326e-13,9.9853478e-13
1.8808982e-05,-5.4824936e-01,-5.4744605e-13,9.9853478e-13
1.8818982e-05,-5.4386031e-01,-5.4306344e-13,9.9853478e-13
1.8828982e-05,-5.3946590e-01,-5.3867547e-13,9.9853478e-13
1.8838982e-05,-5.3506617e-01,-5.3428218e-13,9.9853478e-13
1.8848982e-05,-5.3066115e-01,-5.2988361e-13,9.9853478e-13
1.8858982e-05,-5.2625089e-01,-5.2547982e-13,9.9853478e-13
1.8868982e-05,-5.2183545e-01,-5.2107084e-13,9.9853478e-13
1.8878982e-05,-5.1741485e-01,-5.1665672e-13,9.9853478e-13
1.8888982e-05,-5.1298914e-01,-5.1223750e-13,9.9853478e-13
1.8898982e-05,-5.0855837e-01,-5.0781322e-13,9.9853478e-13
1.8908982e-05,-5.0412259e-01,-5.0338394e-13,9.9853478e-13
1.8918982e-05,-4.9968182e-01,-4.9894968e-13,9.9853478e-13
1.8928982e-05,-4.9523613e-01,-4.9451050e-13,9.9853478e-13
1.8938982e-05,-4.9078555e-01,-4.9006644e-13,9.9853478e-13
1.8948982e-05,-4.8633012e-01,-4.8561754e-13,9.9853478e-13
1.8958982e-05,-4.8186989e-01,-4.8116385e-13,9.9853478e-13
1.8968982e-05,-4.7740491e-01,-4.7670541e-13,9.9853478e-13
1.8978982e-05,-4.7293522e-01,-4.7224226e-13,9.9853478e-13
1.8988982e-05,-4.6846086e-01,-4.6777446e-13,9.9853478e-13
1.8998982e-05,-4.6398187e-01,-4.6330203e-13,9.9853478e-13
1.9008982e-05,-4.5949831e-01,-4.5882504e-13,9.9853478e-13
1.9018982e-05,-4.5501021e-01,-4.5434352e-13,9.9853478e-13
1.9028982e-05,-4.5051762e-01,-4.4985751e-13,9.9853478e-13
1.9038982e-05,-4.4602058e-01,-4.4536706e-13,9.9853478e-13
1.9048982e-05,-4.4151914e-01,-4.4087222e-13,9.9853478e-13
1.9058982e-05,-4.3701334e-01,-4.3637302e-13,9.9853478e-13
1.9068982e-05,-4.3250324e-01,-4.3186952e-13,9.9853478e-13
1.9078982e-05,-4.2798886e-01,-4.2736176e-13,9.9853478e-13
1.9088982e-05,-4.2347026e-01,-4.2284978e-13,9.9853478e-13
1.9098982e-05,-4.1894747e-01,-4.1833362e-13,9.9853478e-13
1.9108982e-05,-4.1442056e-01,-4.1381334e-13,9.9853478e-13
1.9118982e-05,-4.0988955e-01,-4.0928897e-13,9.9853478e-13
1.9128982e-05,-4.0535450e-01,-4.0476056e-13,9.9853478e-13
1.9138982e-05,-4.0081545e-01,-4.0022816e-13,9.9853478e-13
1.9148982e-05,-3.9627244e-01,-3.9569181e-13,9.9853478e-13
1.9158982e-05,-3.9172552e-01,-3.9115155e-13,9.9853478e-13
1.9168982e-05,-3.8717473e-01,-3.8660743e-13,9.9853478e-13
1.9178982e-05,-3.8262012e-01,-3.8205950e-13,9.9853478e-13
1.9188982e-05,-3.7806174e-01,-3.7750780e-13,9.9853478e-13
1.9198982e-05,-3.7349963e-01,-3.7295237e-13,9.9853478e-13
1.9208982e-05,-3.6893382e-01,-3.6839325e-13,9.9853478e-13
1.9218982e-05,-3.6436438e-01,-3.6383051e-13,9.9853478e-13
1.9228982e-05,-3.5979134e-01,-3.5926417e-13,9.9853478e-13
1.9238982e-05,-3.5521475e-01,-3.5469429e-13,9.9853478e-13
1.9248982e-05,-3.5063466e-01,-3.5012090e-13,9.9853478e-13
1.9258982e-05,-3.4605110e-01,-3.4554406e-13,9.9853478e-13
1.9268982e-05,-3.4146413e-01,-3.4096381e-13,9.9853478e-13
1.9278982e-05,-3.3687379e-01,-3.3638020e-13,9.9853478e-13
1.9288982e-05,-3.3228012e-01,-3.3179326e-13,9.9853478e-13
1.9298982e-05,-3.2768318e-01,-3.2720305e-13,9.9853478e-13
1.9308982e-05,-3.2308300e-01,-3.2260961e-13,9.9853478e-13
1.9318982e-05,-3.1847963e-01,-3.1801299e-13,9.9853478e-13
1.9328982e-05,-3.1387312e-01,-3.1341323e-13,9.9853478e-13
1.9338982e-05,-3.0926351e-01,-3.0881037e-13,9.9853478e-13
1.9348982e-05,-3.0465085e-01,-3.0420447e-13,9.9853478e-13
1.9358982e-05,-3.0003518e-01,-2.9959556e-13,9.9853478e-13
1.9368982e-05,-2.9541655e-01,-2.9498370e-13,9.9853478e-13
1.9378982e-05,-2.9079500e-01,-2.9036892e-13,9.9853478e-13
1.9388982e-05,-2.8617059e-01,-2.8575128e-13,9.9853478e-13
1.9398982e-05,-2.8154335e-01,-2.8113082e-13,9.9853478e-13
1.9408982e-05,-2.7691333e-01,-2.7650759e-13,9.9853478e-13
1.9418982e-05,-2.7228058e-01,-2.7188163e-13,9.9853478e-13
1.9428982e-05,-2.6764514e-01,-2.6725298e-13,9.9853478e-13
1.9438982e-05,-2.6300706e-01,-2.6262169e-13,9.9853478e-13
1.9448982e-05,-2.5836638e-01,-2.5798782e-13,9.9853478e-13
1.9458982e-05,-2.5372316e-01,-2.5335140e-13,9.9853478e-13
1.9468982e-05,-2.4907743e-01,-2.4871247e-13,9.9853478e-13
1.9478982e-05,-2.4442924e-01,-2.4407109e-13,9.9853478e-13
1.9488982e-05,-2.3977864e-01,-2.3942731e-13,9.9853478e-13
1.9498982e-05,-2.3512567e-01,-2.3478116e-13,9.9853478e-13
1.9508982e-05,-2.3047038e-01,-2.3013269e-13,9.9853478e-13
1.9518982e-05,-2.2581282e-01,-2.2548195e-13,9.9853478e-13
1.9528982e-05,-2.2115303e-01,-2.2082899e-13,9.9853478e-13
1.9538982e-05,-2.1649105e-01,-2.1617384e-13,9.9853478e-13
1.9548982e-05,-2.1182694e-01,-2.1151657e-13,9.9853478e-13
1.9558982e-05,-2.0716074e-01,-2.0685720e-13,9.9853478e-13
1.9568982e-05,-2.0249249e-01,-2.0219580e-13,9.9853478e-13
1.9578982e-05,-1.9782225e-01,-1.9753239e-13,9.9853478e-13
1.9588982e-05,-1.9315005e-01,-1.9286704e-13,9.9853478e-13
1.9598982e-05,-1.8847595e-01,-1.8819979e-13,9.9853478e-13
1.9608982e-05,-1.8379998e-01,-1.8353068e-13,9.9853478e-13
1.9618982e-05,-1.7912221e-01,-1.7885975e-13,9.9853478e-13
1.9628982e-05,-1.7444266e-01,-1.7418706e-13,9.9853478e-13
1.9638982e-05,-1.6976139e-01,-1.6951266e-13,9.9853478e-13
1.9648982e-05,-1.6507845e-01,-1.6483657e-13,9.9853478e-13
1.9658982e-05,-1.6039388e-01,-1.6015887e-13,9.9853478e-13
1.9668982e-05,-1.5570772e-01,-1.5547958e-13,9.9853478e-13
1.9678982e-05,-1.5102003e-01,-1.5079875e-13,9.9853478e-13
1.9688982e-05,-1.4633085e-01,-1.4611644e-13,9.9853478e-13
1.9698982e-05,-1.4164022e-01,-1.4143269e-13,9.9853478e-13
1.9708982e-05,-1.3694820e-01,-1.3674754e-13,9.9853478e-13
1.9718982e-05,-1.3225482e-01,-1.3206104e-13,9.9853478e-13
1.9728982e-05,-1.2756014e-01,-1.2737324e-13,9.9853478e-13
1.9738982e-05,-1.2286420e-01,-1.2268418e-13,9.9853478e-13
1.9748982e-05,-1.1816705e-01,-1.1799391e-13,9.9853478e-13
1.9758982e-05,-1.1346873e-01,-1.1330247e-13,9.9853478e-13
1.9768982e-05,-1.0876929e-01,-1.0860992e-13,9.9853478e-13
1.9778982e-05,-1.0406878e-01,-1.0391629e-13,9.9853478e-13
1.9788982e-05,-9.9367238e-02,-9.9221643e-14,9.9853478e-13
1.9798982e-05,-9.4664718e-02,-9.4526013e-14,9.9853478e-13
1.9808982e-05,-8.9961263e-02,-8.9829450e-14,9.9853478e-13
1.9818982e-05,-8.5256921e-02,-8.5132001e-14,9.9853478e-13
1.9828982e-05,-8.0551737e-02,-8.0433711e-14,9.9853478e-13
1.9838982e-05,-7.5845758e-02,-7.5734627e-14,9.9853478e-13
1.9848982e-05,-7.1139030e-02,-7.1034796e-14,9.9853478e-13
1.9858982e-05,-6.6431601e-02,-6.6334264e-14,9.9853478e-13
1.9868982e-05,-6.1723515e-02,-6.1633077e-14,9.9853478e-13
1.9878982e-05,-5.7014821e-02,-5.6931281e-14,9.9853478e-13
1.9888982e-05,-5.2305563e-02,-5.2228924e-14,9.9853478e-13
1.9898982e-05,-4.7595790e-02,-4.7526052e-14,9.9853478e-13
1.9908982e-05,-4.2885547e-02,-4.2822710e-14,9.9853478e-13
1.9918982e-05,-3.8174880e-02,-3.8118946e-14,9.9853478e-13
1.9928982e-05,-3.3463837e-02,-3.3414805e-14,9.9853478e-13
1.9938982e-05,-2.8752463e-02,-2.8710335e-14,9.9853478e-13
1.9948982e-05,-2.4040806e-02,-2.4005581e-14,9.9853478e-13
1.9958982e-05,-1.9328912e-02,-1.9300590e-14,9.9853478e-13
1.9968982e-05,-1.4616826e-02,-1.4595409e-14,9.9853478e-13
1.9978982e-05,-9.9045965e-03,-9.8900841e-15,9.9853478e-13
1.9988982e-05,-5.1922692e-03,-5.1846613e-15,9.9853478e-13
1.9998982e-05,-4.7989054e-04,-4.7918740e-16,9.9853478e-13
2.0000000e-05,-1.6996617e-15,-1.6970915e-27,9.9853478e-13
